timestamp,voltage,current,active_power,power_factor
2024-01-01 00:00:00,230.60943415950885,1.9548049020146492,388.1193308647469,0.863907542957213
2024-01-01 00:00:01,227.920031787519,1.9491254624582655,384.78718362884774,0.8154082631533766
2024-01-01 00:00:02,231.50090239161293,2.074811926903752,422.4680530435483,0.8616780251584119
2024-01-01 00:00:03,231.88112943278242,2.072263067247163,423.38013038934844,0.850577556554815
2024-01-01 00:00:04,226.09792962269233,1.9222186456917452,384.34170274850834,0.858877835360985
2024-01-01 00:00:05,227.39564098627537,2.190523863568319,445.94277199455354,0.8396161008837997
2024-01-01 00:00:06,230.25568080633457,2.0843175116935186,415.0169264722704,0.8750263473334625
2024-01-01 00:00:07,229.36751481531283,1.9980321911831838,404.63605111224615,0.8320117416525156
2024-01-01 00:00:08,229.96639768499142,2.243284242353911,452.93548774556535,0.8873723053485304
2024-01-01 00:00:09,228.29391214485284,2.2021310219009265,435.0108654293561,0.8559121185919583
2024-01-01 00:00:10,231.75879594972565,2.0281290292549987,420.8571544638232,0.8375973940743271
2024-01-01 00:00:11,231.5555838708579,2.3471685685437143,464.5697517468846,0.8991001614216232
2024-01-01 00:00:12,230.13206139512243,2.250029683111176,458.56722168590164,0.8674005407895373
2024-01-01 00:00:13,232.25448241393607,2.1976480808492047,452.4274076627813,0.9084414518775488
2024-01-01 00:00:14,230.9350186845041,2.3720110618920534,490.683253501526,0.8962521827272181
2024-01-01 00:00:15,228.28141507423354,2.2430300436884885,448.5125156245502,0.8573930833215135
2024-01-01 00:00:16,230.737501568165,2.23817869695678,447.27179602778864,0.8731813701649698
2024-01-01 00:00:17,228.082234798342,2.1886056689639766,444.9644263950316,0.8788209485444514
2024-01-01 00:00:18,231.75690060261454,2.3262178544591285,479.02733194460274,0.908438756947991
2024-01-01 00:00:19,229.9001481780275,2.3288254565063164,468.48110179579703,0.8881686564813022
2024-01-01 00:00:20,229.63027527290947,2.295487769279721,468.28386408460455,0.8844424981118871
2024-01-01 00:00:21,228.63814091119212,2.2275852630639226,439.73590919045034,0.8784097615704941
2024-01-01 00:00:22,232.44508267734807,2.331838162970339,476.6970056284901,0.8828789161864956
2024-01-01 00:00:23,229.6909410358624,2.3238116015130412,476.78465251839776,0.9114562319758821
2024-01-01 00:00:24,229.14334435567378,2.209063572828091,438.31144676223624,0.8869040962708609
2024-01-01 00:00:25,229.29573289902353,2.2065110377154022,442.2844808227843,0.8803865464789123
2024-01-01 00:00:26,231.0646183711067,2.421139478018817,502.12633003035387,0.8784433951700681
2024-01-01 00:00:27,230.73088812872817,2.115006975837563,434.27408893395557,0.8800954685161979
2024-01-01 00:00:28,230.82546522319197,2.405937883759495,496.67990440366475,0.8645559163451197
2024-01-01 00:00:29,230.86164200601576,2.3474088282716363,471.07644065386097,0.8790068738757556
2024-01-01 00:00:30,234.2832952017409,2.5354716758303186,534.5129961444967,0.9253884585741113
2024-01-01 00:00:31,229.18716996723077,2.3643303379673783,464.7266202617337,0.8926825229352182
2024-01-01 00:00:32,228.97551454185694,2.4882470661142584,499.06392052289317,0.9122856342645586
2024-01-01 00:00:33,228.37245454350423,2.390811571557801,477.18023657218583,0.8499932593941437
2024-01-01 00:00:34,231.23195884515098,2.4496568024424095,504.0862540159882,0.9122933622925526
2024-01-01 00:00:35,232.25794458544178,2.519311707370794,523.9436181670267,0.8990462503034503
2024-01-01 00:00:36,229.77210508469025,2.406278328668169,490.17348002457817,0.8939777616478739
2024-01-01 00:00:37,228.31968704607493,2.5586481915530896,514.8702723535243,0.9085457791156198
2024-01-01 00:00:38,228.35103756861753,2.3656282945391043,470.70935150802876,0.8963165268785431
2024-01-01 00:00:39,231.3011855756494,2.5000033894812526,506.27057945137926,0.8650480970006148
2024-01-01 00:00:40,231.4865083424069,2.5678892655770107,520.4041749703648,0.9272489098815886
2024-01-01 00:00:41,231.0863085366104,2.5462403761101804,500.7403375965539,0.9149281344302752
2024-01-01 00:00:42,228.66898058542262,2.6760180384142878,535.5252170606924,0.9050379305951796
2024-01-01 00:00:43,230.46432264613344,2.4116880462662436,496.2246173654381,0.8932269245975866
2024-01-01 00:00:44,230.23337161828147,2.3532933695271234,479.7501362360371,0.8843718851886034
2024-01-01 00:00:45,230.43737719345802,2.394465852107451,490.9608497284532,0.9194495433229629
2024-01-01 00:00:46,231.7428575558964,2.562146781120051,516.2880371339121,0.9484271152223581
2024-01-01 00:00:47,230.44719109754936,2.547607896183528,514.5534417872954,0.9213918924838422
2024-01-01 00:00:48,231.3578271261438,2.5092625715026715,494.42882922953663,0.8908269688184457
2024-01-01 00:00:49,230.13515813897777,2.3874695214140336,477.54630689319254,0.9241212596046988
2024-01-01 00:00:50,230.57823879737998,2.576686574966017,519.1018638247759,0.9196715953246296
2024-01-01 00:00:51,231.2625764516771,2.3772700539253413,474.3229136968696,0.9391213854751047
2024-01-01 00:00:52,227.08568836028866,2.6148824989019266,505.6595818107886,0.9350594915758025
2024-01-01 00:00:53,229.3606575672854,2.783485458723462,564.6973350551824,0.8642746813029558
2024-01-01 00:00:54,229.0592546914144,2.532649104390482,505.72801021852985,0.9359440055571155
2024-01-01 00:00:55,228.72224430351332,2.5520871907452833,508.2932086816291,0.9059990694432953
2024-01-01 00:00:56,229.44971549754663,2.4417750024429656,483.2278288594378,0.8986447913836999
2024-01-01 00:00:57,232.9898826224688,2.306839146535084,471.3030448043019,0.9243015693721881
2024-01-01 00:00:58,228.26833776861352,2.4239061004786167,482.42389715970296,0.937262848990004
2024-01-01 00:00:59,231.93655670918295,2.3707277673983507,480.4108880094282,0.8971816015335807
2024-01-01 00:01:00,226.6342604567684,2.3306818954441737,464.3216840891943,0.9450209313696165
2024-01-01 00:01:01,229.33022994002846,2.642513794415372,515.2986911138852,0.9471093011663271
2024-01-01 00:01:02,230.32550613021002,2.4919949273195443,513.9240045383358,0.9336749557025431
2024-01-01 00:01:03,231.17244466271856,2.496649238603989,492.63445944940526,0.9162554325744464
2024-01-01 00:01:04,231.4224531595857,2.4212969338267754,488.9247192916412,0.914872168854028
2024-01-01 00:01:05,231.58669447039986,2.4279840393552607,483.7756504527811,0.9558093352995426
2024-01-01 00:01:06,229.30254985550312,2.5343583244898484,509.1840109507571,0.9058761374063979
2024-01-01 00:01:07,,,,
2024-01-01 00:01:08,231.7159517625143,2.4749468029628674,512.1219823580078,0.9343524142361502
2024-01-01 00:01:09,229.61739135023677,2.3936348550064745,478.0695309511943,0.9364852309838945
2024-01-01 00:01:10,227.44862735332416,2.3699696499269653,475.4053345273742,0.9049638567474912
2024-01-01 00:01:11,227.73342557199305,2.254043895763991,442.71072836724034,0.936892955714867
2024-01-01 00:01:12,228.16109542799677,2.1871208334988173,424.6477012921701,0.952778490380353
2024-01-01 00:01:13,230.99432148810752,2.348519751314745,472.0831027000945,0.9144357165045813
2024-01-01 00:01:14,230.28485147214113,2.3697356823805973,478.49551076668075,0.9517712579656867
2024-01-01 00:01:15,231.38097070813555,2.224523412782915,449.3322591701323,0.9441907354705236
2024-01-01 00:01:16,229.14549470732692,2.3383904814786414,481.2307840340034,0.9301245041733044
2024-01-01 00:01:17,230.31707938215342,2.3355770854274733,476.24606183979955,0.9606592350059959
2024-01-01 00:01:18,231.2511807879347,2.1026386942421484,437.50863742743974,0.9000636856655119
2024-01-01 00:01:19,229.38130692055952,2.214450316386115,439.25432192341606,0.9515622406085662
2024-01-01 00:01:20,230.91355047511482,2.3341102087167007,479.3951292949546,0.9775137618211108
2024-01-01 00:01:21,228.6761481178667,2.3192209051549337,465.5299633831932,0.9743968602949579
2024-01-01 00:01:22,229.27389230686987,2.152001641958357,434.4801842245738,0.9538434597969998
2024-01-01 00:01:23,229.23652421200333,2.2698039149389433,467.921719569309,0.9404393157810075
2024-01-01 00:01:24,227.6083207088219,2.3425389309406213,470.63883840288054,0.9341586590171967
2024-01-01 00:01:25,230.97394496157116,2.3041072201953687,476.27743533686703,0.9411940468095683
2024-01-01 00:01:26,229.06119531959456,2.2027494085162367,447.18913766891745,0.95848254055782
2024-01-01 00:01:27,230.02498823745537,2.151148716429092,423.7469114972785,0.9317912453839603
2024-01-01 00:01:28,230.96149331781183,2.120484715245412,433.4149181031487,0.963390135293404
2024-01-01 00:01:29,230.8930623520599,2.2154927641835767,447.19800863830676,0.9911861428150388
2024-01-01 00:01:30,231.33077021794557,2.1733461416352573,450.4443896948292,0.9475422078888447
2024-01-01 00:01:31,,,,
2024-01-01 00:01:32,229.1534033759117,2.1368319794982726,418.7625141019848,0.9223256099667132
2024-01-01 00:01:33,229.84056357818721,2.19023471348887,431.26475254201017,0.9649353992642756
2024-01-01 00:01:34,226.62533113208394,2.1024242484317845,406.65155467445703,0.9483681969721091
2024-01-01 00:01:35,227.10577505515383,2.155948706398151,428.25947664330806,0.9672341805000311
2024-01-01 00:01:36,227.3546007752912,2.1490004117136063,417.27055509676376,0.9391346961243989
2024-01-01 00:01:37,228.00550634479703,1.9658426046764135,397.20795922886055,0.9665050199654276
2024-01-01 00:01:38,230.79954845344687,1.8498122624754851,374.68654327441084,0.9467870617959547
2024-01-01 00:01:39,228.18904188927988,2.169277097159776,441.4428471564843,0.93533877381058
2024-01-01 00:01:40,229.24367489192122,2.024880082335766,401.0562422621062,0.9419799995505744
2024-01-01 00:01:41,232.59845659557215,1.8120527936777324,369.19897123338876,0.9260452980401649
2024-01-01 00:01:42,229.28747205787715,1.8964229059041513,372.15627311810505,0.9897352975097112
2024-01-01 00:01:43,231.47503113693418,2.0293275617761615,420.0546373544666,0.9479575058779757
2024-01-01 00:01:44,228.13276463998025,1.9085550055135043,373.9032328104116,0.9626877899064912
2024-01-01 00:01:45,229.58912488426475,1.8697618099114088,367.0825189220514,0.938947843275789
2024-01-01 00:01:46,228.09995589017885,2.0455794742282207,401.39089514540234,0.9285097668422986
2024-01-01 00:01:47,229.32193384819888,1.7853792719315225,364.5172651602681,0.9447092237730431
2024-01-01 00:01:48,231.6806162749148,1.7950179078398376,355.69048575149503,0.9712246486142494
2024-01-01 00:01:49,226.5453591536153,1.8808207962495558,375.26764750102046,0.9385756252672656
2024-01-01 00:01:50,230.8688472870917,1.8837151624272308,385.88285807002785,0.9313446359813135
2024-01-01 00:01:51,230.47547120466456,1.879444938810948,384.45820371047074,0.9516051838932766
2024-01-01 00:01:52,228.81170008860641,1.9062435304130427,374.89015019658575,0.9581926478808592
2024-01-01 00:01:53,227.1078842912231,1.8204693156895972,352.7003948347216,0.9807611994643519
2024-01-01 00:01:54,230.14425901542774,1.8352385445072765,368.4922816757255,0.954647105296203
2024-01-01 00:01:55,228.9410145818724,1.746279028661819,343.87328902255126,0.9600957103941977
2024-01-01 00:01:56,230.4653524227094,1.7645946250004145,359.8951337947837,0.9612211120947342
2024-01-01 00:01:57,230.04370429104688,1.7554417956789714,350.45621628357617,0.9233711336031206
2024-01-01 00:01:58,233.20355778264184,1.7528139881295517,356.63204051464044,0.9267368168922543
2024-01-01 00:01:59,229.52128874505397,1.795439387867148,352.6161370100783,0.9238738384478924
2024-01-01 00:02:00,227.95300501475626,1.7608596031466655,352.574794615166,0.9184335555033021
2024-01-01 00:02:01,230.35855126991262,1.697217442945043,335.94997482782804,0.9604868923193886
2024-01-01 00:02:02,230.43999336794354,1.5996373287526091,325.8417519343716,0.9498565618764365
2024-01-01 00:02:03,232.71837515048088,1.675386811768086,332.79671443758866,0.9451001165003734
2024-01-01 00:02:04,231.67022249182915,1.654215025800123,344.4472281506498,0.8910874047953481
2024-01-01 00:02:05,230.71374211829902,1.665070902313351,339.6797420820666,0.9834598572094746
2024-01-01 00:02:06,232.9266057824391,1.8554911641938028,371.2913848025976,0.923850656025447
2024-01-01 00:02:07,227.6224738913543,1.5719079755666083,304.38349913110784,0.9821354701386452
2024-01-01 00:02:08,228.72049693450052,1.656331931401339,328.346850051693,0.9114550044562537
2024-01-01 00:02:09,228.14684811718894,1.7111482270894505,334.81697547120643,0.9235100929408238
2024-01-01 00:02:10,229.22038039368846,1.6046920995509133,316.6708051022803,0.8949972418697283
2024-01-01 00:02:11,227.24662770488737,1.8196665006714006,369.530796641051,0.9455708476593178
2024-01-01 00:02:12,231.2703018936288,1.5394772336317968,313.3681694462249,0.9155555148369584
2024-01-01 00:02:13,229.55555460580246,1.6015068489957307,315.7331726238514,0.9153513204437479
2024-01-01 00:02:14,227.0583874109947,1.4814597900884903,295.28358551139013,0.9085702706246357
2024-01-01 00:02:15,227.9688418375849,1.518863666170991,298.7438007396416,0.9507556421407278
2024-01-01 00:02:16,230.6270276949004,1.572025878484646,325.8650694312444,0.9486047548634298
2024-01-01 00:02:17,231.67625313578876,1.6253266142191019,320.68387915359375,0.9697622613785751
2024-01-01 00:02:18,233.99346178338357,1.56662314290456,325.01528534774616,0.9189329245367357
2024-01-01 00:02:19,235.82772493201466,1.6551022368811474,346.8569169176557,0.936128505448888
2024-01-01 00:02:20,230.82881886655198,1.5146364101625263,298.3525516328893,0.9050502838519949
2024-01-01 00:02:21,228.02092375993627,1.4863283707839947,290.9893193107201,0.9232011118403844
2024-01-01 00:02:22,225.73590743853737,1.7858306423677108,350.40338774415676,0.9185701561992118
2024-01-01 00:02:23,230.53542292468768,1.5512214929688153,319.4928851063284,0.9372617332849112
2024-01-01 00:02:24,228.37411780937936,1.4366974486312563,287.6984406790439,0.9473195840754697
2024-01-01 00:02:25,229.16928547964062,1.436552494907919,290.6184524152783,0.9457878831156304
2024-01-01 00:02:26,228.77580640188037,1.4095321746584437,286.72161543667687,0.9080789428399247
2024-01-01 00:02:27,229.71841822716723,1.5957685760217195,326.7693744729682,0.9438546777229521
2024-01-01 00:02:28,,,,
2024-01-01 00:02:29,230.3140971348907,1.5129475609616125,305.04970742176175,0.9152391631892449
2024-01-01 00:02:30,229.68273032592262,1.4936505218576035,303.92203068681573,0.9064570535543804
2024-01-01 00:02:31,227.92869249434838,1.5734346380321191,309.55840015925395,0.9083073059228233
2024-01-01 00:02:32,226.65063411059128,1.4163886473553344,286.58722214237065,0.9532138705203457
2024-01-01 00:02:33,229.02738418185334,1.3947763706803469,271.85769536350676,0.9233604951509612
2024-01-01 00:02:34,229.89243489836335,1.5265255007820093,301.73133631513423,0.9195326027757087
2024-01-01 00:02:35,233.53585982715975,1.5664437566313192,325.58415988841955,0.9096072038811
2024-01-01 00:02:36,230.26054904294577,1.5423407801634086,307.91116868807904,0.9625674711983777
2024-01-01 00:02:37,231.9654790220461,1.4313668527519299,284.7109755302447,0.938528146782008
2024-01-01 00:02:38,229.0014088029217,1.5837671572433405,311.6688302813045,0.8967713141708371
2024-01-01 00:02:39,227.63011246716596,1.445817136785365,288.4786920773618,0.9044697613774217
2024-01-01 00:02:40,228.06976647553526,1.4727078967807758,299.70890297505514,0.9043918730012125
2024-01-01 00:02:41,228.5495478709285,1.4355943138465581,280.04780729849836,0.9103144127297332
2024-01-01 00:02:42,234.25693946487033,1.6656977138509657,332.26574568212845,0.8920784865904431
2024-01-01 00:02:43,228.35722664155122,1.6049750290018894,320.05588341753946,0.9135715137592627
2024-01-01 00:02:44,231.6769784074727,1.6086360140488087,334.59912566358565,0.932515589360453
2024-01-01 00:02:45,228.19414564382595,1.6798080009556051,331.17153357870717,0.8758667008971274
2024-01-01 00:02:46,231.86314602574848,1.843741480949885,383.8734092585119,0.8782288872359526
2024-01-01 00:02:47,230.76990193221172,1.3993758579072022,288.8268691575834,0.8897686651091031
2024-01-01 00:02:48,229.68672420468383,1.5047072102628607,298.66231317734605,0.8893237304787582
2024-01-01 00:02:49,229.91847494772912,1.525590101520731,312.47483738245427,0.9366448947775934
2024-01-01 00:02:50,228.69042460914122,1.511196173187911,305.6083333930784,0.9153141692595526
2024-01-01 00:02:51,230.89214440296416,1.4979891595831385,302.8441409852156,0.9127596561391635
2024-01-01 00:02:52,229.09003303931843,1.5856409958291542,316.44767652629696,0.8871682835732579
2024-01-01 00:02:53,227.5487884724655,1.5041844783718301,304.8903771313418,0.8853012318881958
2024-01-01 00:02:54,227.44412485136075,1.6699572497740978,337.91011986680024,0.8605551612769963
2024-01-01 00:02:55,230.34517583544425,1.65259014428408,337.97324496096365,0.9037760658065682
2024-01-01 00:02:56,233.15818251282087,1.7068387795089561,358.13238152381916,0.8965049248319482
2024-01-01 00:02:57,,,,
2024-01-01 00:02:58,229.76272334778022,1.7426676592103587,356.49465790978354,0.8795255629113988
2024-01-01 00:02:59,230.5716522792051,1.6573181957884142,341.2899741089768,0.8794230537478739
2024-01-01 00:03:00,232.61200348341364,1.919367181487657,384.22135611249155,0.8841680594354063
2024-01-01 00:03:01,230.4387650027277,1.7435788998270287,342.36503304191,0.8971060136361693
2024-01-01 00:03:02,229.17814553833253,1.5470467284362348,308.5420683808912,0.848357434262802
2024-01-01 00:03:03,232.21257742011977,1.6464805134575613,341.36141720548505,0.8909696973078565
2024-01-01 00:03:04,230.85751287692324,1.586340882260552,316.57965559984655,0.8743190083937749
2024-01-01 00:03:05,233.071511983992,1.7760344388064433,366.3397934698815,0.8520304116854619
2024-01-01 00:03:06,230.36646887444383,1.776253208788281,347.9611415548789,0.8299795486377438
2024-01-01 00:03:07,227.551061936559,1.755932916000436,346.7292885706563,0.8674053435897501
2024-01-01 00:03:08,227.26368160150867,2.018404683178344,404.0207529636555,0.8975472586926844
2024-01-01 00:03:09,233.3018558644625,1.8869274168340935,377.0462273042268,0.9005402814267269
2024-01-01 00:03:10,233.4473314415666,1.9195219559067527,400.9799906655616,0.8726034911703984
2024-01-01 00:03:11,229.6409615734348,1.7688389917390896,348.44211185618434,0.9031816318747747
2024-01-01 00:03:12,229.23362535772802,1.777202450799172,364.81762375651806,0.8615248052762536
2024-01-01 00:03:13,232.9228885844844,1.8960894813371432,380.17458042353866,0.8798887477733519
2024-01-01 00:03:14,227.78590863591302,1.9251079225332333,394.5357679827595,0.8502344357616504
2024-01-01 00:03:15,228.21054596208836,1.737665403195642,349.06129787978443,0.8474011667342636
2024-01-01 00:03:16,231.2866535893781,1.9208309817436728,379.4967483745137,0.8425751510948991
2024-01-01 00:03:17,229.21078975428082,1.9558944129505085,382.52851632169654,0.8133454315557844
2024-01-01 00:03:18,229.98975626655985,1.9486427693003905,382.6215690999977,0.8787274075106023
2024-01-01 00:03:19,229.67311420295098,1.9045186060887513,384.7056589336574,0.8385817279622902
2024-01-01 00:03:20,230.67514909759788,1.9476180613380047,400.0628881651629,0.8338140662578041
2024-01-01 00:03:21,232.81496372262743,1.9995980398682864,405.0855834460092,0.8246719121437378
2024-01-01 00:03:22,230.18116981380348,2.042059267032403,409.99166216044534,0.8426130879147432
2024-01-01 00:03:23,231.28787758655372,2.109121149251394,429.0151751924657,0.8803998686982558
2024-01-01 00:03:24,225.89965579793795,2.172342286008025,430.2006559193145,0.8854365481416588
2024-01-01 00:03:25,229.90256319613977,2.0503730906498143,416.8952590968174,0.8087761725712255
2024-01-01 00:03:26,228.31353945941424,2.0496646013417963,408.81024091977986,0.83333906658831
2024-01-01 00:03:27,227.56237387915274,2.1544240220898976,434.225043679637,0.818177751631226
2024-01-01 00:03:28,228.2436952661425,2.187011864346323,449.1873825017334,0.8570712925495891
2024-01-01 00:03:29,229.33175311859839,2.0976518478765134,417.32513139738677,0.8414791749135477
2024-01-01 00:03:30,231.83180508471202,2.235116397157442,440.76189356214525,0.8214622038210676
2024-01-01 00:03:31,227.34721456452087,2.268886558498326,441.6913105543994,0.8340952422793816
2024-01-01 00:03:32,230.06126298518885,2.3147787917488007,467.3982405143009,0.8215498852112306
2024-01-01 00:03:33,229.03166113333285,2.377940998553624,472.30475924382625,0.8618423248879272
2024-01-01 00:03:34,229.3446538112761,2.1277683757664954,437.7286697661829,0.8389607876143014
2024-01-01 00:03:35,232.0055156506092,2.2298890838046095,455.97493574830577,0.8398876883146539
2024-01-01 00:03:36,231.07623087400785,2.243490578934895,454.14280268419543,0.7716282991624062
2024-01-01 00:03:37,232.67479621488548,2.2461795766468806,465.0889132686621,0.8221124867591857
2024-01-01 00:03:38,229.6909886415002,2.204431884771553,436.93411385876044,0.8636006489301264
2024-01-01 00:03:39,228.6081147766586,2.1339071296398657,434.648803664847,0.8469541117582187
2024-01-01 00:03:40,229.552282366239,2.3045573916483733,449.7449164674936,0.7819921421259625
2024-01-01 00:03:41,230.48499358254244,2.230988291529944,453.0101175614686,0.8111754934352342
2024-01-01 00:03:42,230.35314671690742,2.328653527027504,481.02154627543837,0.7919317377570005
2024-01-01 00:03:43,227.83122385553327,2.252563975350985,456.44040620615624,0.8487106820093916
2024-01-01 00:03:44,230.18097956325576,2.2335887050108076,458.9541224785792,0.8179095108367477
2024-01-01 00:03:45,,,,
2024-01-01 00:03:46,235.03494807506783,2.3807898436822366,498.6944153059551,0.8108054495951049
2024-01-01 00:03:47,,,,
2024-01-01 00:03:48,228.29351329888237,2.604982533485497,523.8878353956443,0.7855608040535556
2024-01-01 00:03:49,229.42523327690165,2.423906801021517,474.3277326440341,0.806573432238544
2024-01-01 00:03:50,227.07311599632598,2.4540763447178753,479.28233027166556,0.821353498287732
2024-01-01 00:03:51,228.81858597207304,2.3068017079045458,463.20426737897,0.7642203942033334
2024-01-01 00:03:52,230.63121000718067,2.2944472415868957,451.3512632318407,0.7940418527813
2024-01-01 00:03:53,232.41170724177647,2.5895830711962646,533.8839758504123,0.8204888939085762
2024-01-01 00:03:54,228.5418323245128,2.346688222325092,478.39578092261746,0.7699086090472562
2024-01-01 00:03:55,228.69170711986442,2.3419441576816187,479.8922575612691,0.8021764400994872
2024-01-01 00:03:56,225.70542194052268,2.449290114163944,472.708321973197,0.7975803249716497
2024-01-01 00:03:57,229.67466815891018,2.4505945051617686,504.85914057640935,0.8292297654262701
2024-01-01 00:03:58,227.87517117628087,2.375322798904811,461.9155840351902,0.7890343575595417
2024-01-01 00:03:59,228.94112114526786,2.4405759061703636,488.17985906184583,0.7889139124805492
2024-01-01 00:04:00,228.24627844366483,2.5990452206934993,529.1618255769887,0.8081682020537302
2024-01-01 00:04:01,229.8114748914949,2.4000723779891193,470.76860232707656,0.7632796710635109
2024-01-01 00:04:02,226.48454321728673,2.345393740723526,452.0003286604003,0.7841414843999878
2024-01-01 00:04:03,227.06590950921802,2.582630722247375,499.1947860757282,0.7782123272021185
2024-01-01 00:04:04,234.2584942240566,2.540728976492191,521.1243214253859,0.7833317491952406
2024-01-01 00:04:05,227.42515483745194,2.4320898125448305,492.59609659707127,0.801877052139508
2024-01-01 00:04:06,227.8064288430907,2.3380792161499384,456.12861515167265,0.7948071668940064
2024-01-01 00:04:07,233.67382705664264,2.423497551008027,484.89014432740476,0.7675816740452516
2024-01-01 00:04:08,235.81013433848082,2.493661493812895,516.5422029622383,0.7841373449244837
2024-01-01 00:04:09,227.6568667423493,2.616378121458702,513.2687284842173,0.810077175913887
2024-01-01 00:04:10,229.26350208642393,2.396337943345572,487.0426142018828,0.7625232348904601
2024-01-01 00:04:11,230.68311110188102,2.491235451452378,515.7701582599298,0.7809535882446016
2024-01-01 00:04:12,233.4573952888112,2.5663995797284698,532.2214697626545,0.7731045131571799
2024-01-01 00:04:13,228.0262858431435,2.2594632218178,460.5312388205128,0.7746431380919137
2024-01-01 00:04:14,229.50944430811577,2.5991818621139595,522.5538769163843,0.7422438982391584
2024-01-01 00:04:15,231.55467515212348,2.3752816900205755,490.39553942868054,0.8020446789981743
2024-01-01 00:04:16,230.86953214893325,2.523962259816024,500.6290271816512,0.757333567879997
2024-01-01 00:04:17,229.2476878575398,2.5121821804686557,491.4932812604541,0.7923522912040563
2024-01-01 00:04:18,229.73235407096792,2.592242060925458,525.7253115022261,0.7584328719120538
2024-01-01 00:04:19,227.25020838326003,2.534667502555696,491.0994021839114,0.7573994093589747
2024-01-01 00:04:20,229.52365251205066,2.237163901692891,459.3733840281349,0.7932408466375043
2024-01-01 00:04:21,229.4672250199821,2.3912637815667273,485.38252884721453,0.7879449638065026
2024-01-01 00:04:22,230.4643397792525,2.477946932394523,512.6057067323234,0.7713497157301165
2024-01-01 00:04:23,,,,
2024-01-01 00:04:24,230.9430770450903,2.4992874336238375,504.64452260650734,0.7596851769558608
2024-01-01 00:04:25,232.02543163563965,2.5234906914070954,519.4004196136758,0.7644600136526266
2024-01-01 00:04:26,230.31085865533694,2.497987724499067,496.00034687184063,0.7505870975034689
2024-01-01 00:04:27,230.7035128167984,2.4078717330006443,487.2287691395671,0.7811143884915083
2024-01-01 00:04:28,230.10631069515574,2.2363981120870946,454.3863212539425,0.7483998062922106
2024-01-01 00:04:29,230.00016878618283,2.3668003509036994,489.3512413816186,0.7912278514269565
2024-01-01 00:04:30,228.5568839329143,2.4448946078209057,495.7847858383343,0.7544865445706675
2024-01-01 00:04:31,230.63298852334663,2.284724019981356,451.0051699414067,0.7605139326191144
2024-01-01 00:04:32,229.80542680317302,2.447018179404844,491.35225302285687,0.7746010579020827
2024-01-01 00:04:33,234.1863366178612,2.4644727643892814,507.56430178149077,0.7592488920834283
2024-01-01 00:04:34,233.1467098049505,2.3756937604938564,474.8630255202675,0.7521810753119595
2024-01-01 00:04:35,230.771693105113,2.04564410180659,411.46129661109893,0.7569290985289302
2024-01-01 00:04:36,228.47388558061047,2.212880526803656,436.92706032899173,0.7748190989715922
2024-01-01 00:04:37,227.77517705603316,2.517638997854122,490.8444346086875,0.7431218353387524
2024-01-01 00:04:38,232.38228590617774,2.2623719936014615,460.3348219129254,0.7533134102440694
2024-01-01 00:04:39,230.52549845029426,2.1063039622591235,416.74446836707,0.755526411821735
2024-01-01 00:04:40,230.96028680678322,2.4156345139919138,490.7017969639752,0.7721182921549118
2024-01-01 00:04:41,226.51082802605163,2.280548259353193,443.46655105793155,0.7523590978512987
2024-01-01 00:04:42,231.85487696311637,2.3765338491738763,488.2947555100678,0.7900750266434534
2024-01-01 00:04:43,230.90884067642872,2.2802999559912442,452.7003464117467,0.7503550453558065
2024-01-01 00:04:44,227.77913863117104,2.2847747510873795,465.68283602790933,0.7483327535598489
2024-01-01 00:04:45,229.0569503851001,2.2612984912453338,440.949993825166,0.749290329217028
2024-01-01 00:04:46,230.52743440871305,2.280602859046094,460.60208224261095,0.7260267170317622
2024-01-01 00:04:47,230.1049335967125,2.424245238394444,483.0843858779722,0.7312976980552904
2024-01-01 00:04:48,229.4156576283929,2.2790568748250664,450.307710015828,0.7411157828510403
2024-01-01 00:04:49,229.79302346386808,2.009196608603842,403.33139405724984,0.7741668744117716
2024-01-01 00:04:50,229.49604524358622,2.1970057895755444,449.8010058844734,0.750533253039305
2024-01-01 00:04:51,230.30512502420493,2.251446321245393,464.47114226241916,0.7412727900865355
2024-01-01 00:04:52,232.94298394598633,2.2423912990977466,451.9170078082752,0.7752907281344474
2024-01-01 00:04:53,224.86668311813742,2.064163054649133,398.11697213296577,0.7816024457043188
2024-01-01 00:04:54,229.52629947098063,2.2079148045425816,449.00577872795543,0.7755299773053633
2024-01-01 00:04:55,230.3530248427449,2.168701095908449,439.1691925239352,0.7332285470710049
2024-01-01 00:04:56,230.5919879793742,2.3176100899590955,459.63034611064774,0.7402780200250432
2024-01-01 00:04:57,229.25617083735742,1.9697300369392572,401.00329456883185,0.7863750122477724
2024-01-01 00:04:58,226.48655643504284,1.9783178297357595,392.4786944975955,0.7548650565191931
2024-01-01 00:04:59,230.6559909674282,1.9827449540190751,403.6731286152879,0.7446563809760477
2024-01-01 00:05:00,233.45470042832838,1.9486204205529412,394.85083563202716,0.7643672370869028
2024-01-01 00:05:01,226.93227719016772,1.892928666034293,374.5627034340426,0.7701623129203193
2024-01-01 00:05:02,231.72765602739636,1.689969145918298,336.4019124029225,0.7386280880290399
2024-01-01 00:05:03,229.3429495537542,1.9071060582352204,388.31842499276047,0.7545113105920392
2024-01-01 00:05:04,229.8773513083423,1.9718999450229218,388.8594894258358,0.7687438127130884
2024-01-01 00:05:05,227.8942029785921,1.8700943347160426,378.8411015585528,0.7271216140026767
2024-01-01 00:05:06,229.33108765528826,2.097486623579067,428.058897996267,0.7507136290074524
2024-01-01 00:05:07,232.60008918939792,1.8899129585407295,390.06489663391244,0.7283428726587703
2024-01-01 00:05:08,231.16531048397542,2.002415227516838,393.905126805423,0.7311475440742338
2024-01-01 00:05:09,233.4646232108199,1.8843164585526753,379.9409021746383,0.7397701366350731
2024-01-01 00:05:10,232.35482377795537,1.9258173483358314,390.8304315931818,0.7608119563898553
2024-01-01 00:05:11,,,,
2024-01-01 00:05:12,233.48786905233558,1.9505389053012425,408.0450327079643,0.7388491472713608
2024-01-01 00:05:13,230.8779863174766,1.8047651598714682,362.00384907925525,0.7531589823957916
2024-01-01 00:05:14,231.65597635359413,1.834492470495332,379.81845576733747,0.7295231905670039
2024-01-01 00:05:15,229.40685809293058,1.8074353773923992,355.8305607035502,0.7613971535077265
2024-01-01 00:05:16,230.1330916317184,1.7281216395690615,345.4261541988964,0.7758314698460064
2024-01-01 00:05:17,228.60515235339943,1.7838366194730035,347.69112099206467,0.7520262061734264
2024-01-01 00:05:18,231.9791678691897,1.9534187618866257,402.00263244693366,0.7499876660329815
2024-01-01 00:05:19,227.64339275377026,1.6898489364032987,329.8781806765862,0.7619635120976662
2024-01-01 00:05:20,231.56470068483532,1.7460232895686973,348.86563908740027,0.7144029638752518
2024-01-01 00:05:21,229.61869788498967,1.817335197747311,370.87503519882455,0.7662098187162847
2024-01-01 00:05:22,232.34249418693463,1.793367833434398,365.31439136363554,0.8180356493386489
2024-01-01 00:05:23,231.5017379774625,1.668616116686947,328.6142757399945,0.754092089334798
2024-01-01 00:05:24,233.6412923152936,1.4175360947590807,281.5527347485366,0.7547338751228257
2024-01-01 00:05:25,231.4615493822773,1.696315686759,343.76216014325644,0.7725822184180028
2024-01-01 00:05:26,226.85591948869353,1.4118194618804574,277.1212133816477,0.7912332283437902
2024-01-01 00:05:27,229.8660936542036,1.770243883220772,349.54979739515267,0.7784650701137756
2024-01-01 00:05:28,227.65598561481036,1.63005299829127,326.8125929145963,0.7165151977245132
2024-01-01 00:05:29,228.96344031526746,1.7033106643290334,335.9509532080279,0.7715792545376491
2024-01-01 00:05:30,233.02245686655345,1.5037616437185832,308.2244701050337,0.8124559746731055
2024-01-01 00:05:31,231.2750676217954,1.4297526062371646,287.3367313055879,0.7741942637905367
2024-01-01 00:05:32,228.6021391428425,1.602519349423856,314.8090730135837,0.7394032729597675
2024-01-01 00:05:33,227.9725652671192,1.564942541457974,305.71291051905257,0.7689033841622558
2024-01-01 00:05:34,230.06556418575252,1.5114342365319218,299.68778948595593,0.7384459486328222
2024-01-01 00:05:35,227.56687970123775,1.5617739611291521,302.62695159558825,0.7895298951353795
2024-01-01 00:05:36,228.65771944520685,1.8232122085320757,360.780590090721,0.7465913219095558
2024-01-01 00:05:37,230.6240189431025,1.6235299889356947,335.146979020719,0.7680498170462694
2024-01-01 00:05:38,232.3106240722134,1.6390904518916727,339.48963252861313,0.7502859219477996
2024-01-01 00:05:39,231.2175229444489,1.6130576446138756,323.9593738567013,0.7574095289259223
2024-01-01 00:05:40,225.4174209828038,1.6715991512303725,331.13535746451146,0.798978640002446
2024-01-01 00:05:41,230.60873345806053,1.5001053183940656,303.8603408778759,0.7722618497942839
2024-01-01 00:05:42,230.14406714646515,1.3095709565689613,268.6701480108798,0.7599654473941875
2024-01-01 00:05:43,230.82778057074538,1.4926021445736901,296.9244334290282,0.7492212024744238
2024-01-01 00:05:44,233.23241936330243,1.589530611113027,320.6145472942138,0.7356872307189494
2024-01-01 00:05:45,225.87352344639052,1.4087589606019946,275.27257422335794,0.7491101339924116
2024-01-01 00:05:46,228.81779314961778,1.48597262910055,289.7092555407764,0.7774081548090416
2024-01-01 00:05:47,231.18181264558672,1.4327928418560694,286.76209126639714,0.7958253505857463
2024-01-01 00:05:48,226.8368112010921,1.651025320835008,334.775841254774,0.7660835727556273
2024-01-01 00:05:49,232.95189809610702,1.5751137976719538,328.6184740802458,0.8097893599201136
2024-01-01 00:05:50,230.7367132254013,1.5651616260232812,308.94889867176755,0.7651340539836791
2024-01-01 00:05:51,231.69316797168682,1.56250108902996,316.00903979396776,0.7758468186570516
2024-01-01 00:05:52,228.8581126769564,1.4974430228043893,297.8311376935292,0.7601556481997731
2024-01-01 00:05:53,231.62752737993242,1.5222433462805451,308.3316856880796,0.8027194040038004
2024-01-01 00:05:54,232.13694311197807,1.3857805058122639,282.35963264951573,0.8260279397584811
2024-01-01 00:05:55,230.46575604027433,1.2879556984280056,252.60590128339814,0.7500312280355477
2024-01-01 00:05:56,230.4688017853974,1.5243963553602173,313.4220028849787,0.7795501534008442
2024-01-01 00:05:57,230.54068647856346,1.5450602730461842,320.11028852185683,0.8129905091587559
2024-01-01 00:05:58,228.27330947052124,1.6373421351322741,329.9081601247519,0.7599929074656484
2024-01-01 00:05:59,229.7049426395193,1.677781407668614,340.3122187304981,0.8015174844487972
2024-01-01 00:06:00,,,,
2024-01-01 00:06:01,230.766787728707,1.430725721988076,286.1576341204291,0.7942963671204094
2024-01-01 00:06:02,231.9996484938206,1.5009399249327178,298.57873928075577,0.8050324190545665
2024-01-01 00:06:03,227.8829278360432,1.5902964109154605,318.62446062927467,0.8305543964426624
2024-01-01 00:06:04,229.74998193936085,1.802002185208318,352.83878353517565,0.8356275718217658
2024-01-01 00:06:05,232.96291109531793,1.7038160878403896,353.75038591198205,0.7967555627529153
2024-01-01 00:06:06,228.51282354237486,1.6751791380468313,333.4361756924529,0.788696060620852
2024-01-01 00:06:07,228.35549996541937,1.5323253419478868,304.6841161841148,0.7823052371907894
2024-01-01 00:06:08,230.4046123836624,1.4910725820294106,297.6374776799852,0.8216175192412409
2024-01-01 00:06:09,231.68877038097065,1.6669872452688437,347.00819212251963,0.776027957708
2024-01-01 00:06:10,230.02285211112132,1.4871411481306258,293.75672962539704,0.7998087144184384
2024-01-01 00:06:11,232.65792118087398,1.5828723626432022,315.81371425598724,0.8083218656288941
2024-01-01 00:06:12,231.71358796513306,1.6051354382398235,319.22025839869843,0.7976266959843478
2024-01-01 00:06:13,231.68364013378013,1.7861804125123615,365.3803441586949,0.8147122781780248
2024-01-01 00:06:14,231.10823300264818,1.602064027535329,333.0751299170971,0.8618453635239315
2024-01-01 00:06:15,234.65530620069217,1.4046114165746015,284.0402189228508,0.8095720918106724
2024-01-01 00:06:16,,,,
2024-01-01 00:06:17,225.99295541586696,1.6016698259414097,312.71367036285625,0.8352364257695598
2024-01-01 00:06:18,233.20850872303427,1.6878453657798813,347.3282307137607,0.8211974987681909
2024-01-01 00:06:19,,,,
2024-01-01 00:06:20,,,,
2024-01-01 00:06:21,232.61910136972105,1.800473559221029,369.7083584746384,0.8159137860907886
2024-01-01 00:06:22,226.79548091788214,1.581339364993487,314.46183143011496,0.7867147703447688
2024-01-01 00:06:23,227.49670557178771,1.6963729364309867,332.62062901119054,0.7915084114393298
2024-01-01 00:06:24,226.7974441257623,1.830175525314512,370.0118514109325,0.7887094141779126
2024-01-01 00:06:25,228.41172741994916,1.7142959693411903,351.8240979973731,0.8345365239626332
2024-01-01 00:06:26,230.87927321203398,1.6289780629534063,328.3178004930665,0.8012367966881403
2024-01-01 00:06:27,231.04837568562553,1.8710761467924641,381.2084232288699,0.8551306938628409
2024-01-01 00:06:28,230.5525483586571,1.9310853580558003,396.0294102263182,0.8321663730107212
2024-01-01 00:06:29,227.17446823221528,1.8290106820701735,358.19583964748927,0.8282245524918317
2024-01-01 00:06:30,225.3797931267347,1.6523244205546983,332.6365449528053,0.8177822104773308
2024-01-01 00:06:31,230.10870717078078,1.9340544843752323,384.5214298986382,0.8486592969274428
2024-01-01 00:06:32,229.05644793272333,1.7126521366610092,348.6676017651064,0.8216823804148771
2024-01-01 00:06:33,,,,
2024-01-01 00:06:34,,,,
2024-01-01 00:06:35,230.27648286411736,1.8088659871390096,365.1720864877884,0.8495559815870349
2024-01-01 00:06:36,231.5202661707517,1.8962307708164203,384.6859309379493,0.8393329486105353
2024-01-01 00:06:37,230.45842274823013,1.9377227290436971,398.56846512872727,0.8584296497767387
2024-01-01 00:06:38,231.06012941120292,1.907305786101448,396.5467532594902,0.8473501669268978
2024-01-01 00:06:39,228.59065347426022,2.0462989957576583,400.10757407305573,0.8564030304375103
2024-01-01 00:06:40,229.6407771723371,1.9585362056879763,388.3987832319684,0.8339773578585146
2024-01-01 00:06:41,230.39355219331392,2.116873601291592,423.277207449383,0.8932937589314275
2024-01-01 00:06:42,231.64105695083484,2.062664575530639,417.56944018860685,0.8418643924915886
2024-01-01 00:06:43,229.21251765555087,1.9804501550581315,397.0627385983126,0.886147269710814
2024-01-01 00:06:44,231.04233451146422,1.9792209073678586,408.2674535215683,0.85281847594819
2024-01-01 00:06:45,229.46832241616923,1.9166092695287409,390.7755887160584,0.8743050759532125
2024-01-01 00:06:46,229.76491566534375,2.125895849146347,415.6482470274669,0.8744128681797901
2024-01-01 00:06:47,231.65903808404815,2.076731760795796,419.87503446578665,0.8842282951226474
2024-01-01 00:06:48,226.0138792578917,1.8902281175894862,376.337728055249,0.8460388589593045
2024-01-01 00:06:49,227.4070553438505,2.0890074366705726,414.73243726646086,0.8859209401637728
2024-01-01 00:06:50,227.03562920511436,2.0674659255873244,402.04633174732226,0.9028903696187367
2024-01-01 00:06:51,225.3327677603034,2.329971834785731,456.7002243291284,0.8623371112576284
2024-01-01 00:06:52,228.64347111968965,2.016790649171508,401.4483698691243,0.8697501655335088
2024-01-01 00:06:53,,,,
2024-01-01 00:06:54,229.43023186723485,2.3268256439878106,473.9550312828354,0.8652029659035915
2024-01-01 00:06:55,230.3955801638837,2.3655723187312265,472.0232440362981,0.9078899607051303
2024-01-01 00:06:56,232.17843499342158,2.1692379257894125,442.93490702745106,0.8551007840184435
2024-01-01 00:06:57,232.65537226453537,2.1941270751371276,447.0675135903341,0.8578608475609397
2024-01-01 00:06:58,229.8617241305477,2.3323044214751336,479.2111507642647,0.9104323969687679
2024-01-01 00:06:59,232.7071717791388,2.0510487298685756,408.6115349563785,0.8922095325585657
2024-01-01 00:07:00,230.18425331686822,2.1104368530454396,415.6963190300299,0.9236228148730155
2024-01-01 00:07:01,,,,
2024-01-01 00:07:02,228.81119929560253,2.476249074997955,493.8206728605698,0.8867112276212972
2024-01-01 00:07:03,227.03892697486998,2.289568890463571,449.6075049640751,0.8724446815495693
2024-01-01 00:07:04,228.2237322925327,2.3547883595245938,477.31334616076697,0.8899880524095405
2024-01-01 00:07:05,229.28396662385114,2.469285876244993,488.185590797523,0.8530947352312951
2024-01-01 00:07:06,231.6071700387572,2.5774561022925826,509.94406182440696,0.9037208727094285
2024-01-01 00:07:07,233.44153966233196,2.3195811440595215,471.4669570699953,0.8979264909877935
2024-01-01 00:07:08,227.23563696924592,2.3857079928602505,481.7633309006223,0.8917309046771694
2024-01-01 00:07:09,230.78565493651985,2.5793401698596683,531.2994045768786,0.8864891089634903
2024-01-01 00:07:10,,,,
2024-01-01 00:07:11,230.9493941769264,2.5181925341420617,510.56143252706875,0.9116462808949288
2024-01-01 00:07:12,,,,
2024-01-01 00:07:13,226.33818834830493,2.4423402730485226,488.7090738945786,0.9100790474479868
2024-01-01 00:07:14,231.85659398313697,2.415524171356613,482.60983864091753,0.9426864145962154
2024-01-01 00:07:15,228.78999857438254,2.35124350571813,472.06363798839084,0.932251429135442
2024-01-01 00:07:16,228.9321995232529,2.355551442127392,479.15033686013226,0.8737690764931002
2024-01-01 00:07:17,227.86049517742063,2.4878716855794143,490.8431128046883,0.8944542048019595
2024-01-01 00:07:18,228.6914334466249,2.5656981500443408,517.92625099238,0.9149216808037014
2024-01-01 00:07:19,230.85578088138985,2.4586240765837135,496.11355948945476,0.9063767748671671
2024-01-01 00:07:20,229.62151131812718,2.4835966167392787,499.09138017462533,0.8810697750434461
2024-01-01 00:07:21,230.65732400456497,2.538219508658956,500.27625791917757,0.9180250983074091
2024-01-01 00:07:22,,,,
2024-01-01 00:07:23,232.64132331105634,2.5626751683069715,532.5619651523604,0.9510820665006038
2024-01-01 00:07:24,229.31442769827123,2.573719729886712,505.8359810162679,0.9089462617381993
2024-01-01 00:07:25,227.04628436630853,2.754741734278001,543.0849041406308,0.9385703714379398
2024-01-01 00:07:26,232.13444483314396,2.458873988861837,486.559889312883,0.8910518978415746
2024-01-01 00:07:27,229.3370236558055,2.45229107079897,478.8742153332644,0.8970004440818172
2024-01-01 00:07:28,232.22918488915477,2.57611862545445,538.1155955289807,0.9331441471152381
2024-01-01 00:07:29,230.76675422636495,2.581762077638552,521.1172691623937,0.9415188310563483
2024-01-01 00:07:30,,,,
2024-01-01 00:07:31,230.6975517880926,2.459313143174943,490.05157187070864,0.9225403521962238
2024-01-01 00:07:32,233.9020251202526,2.5528908419133773,536.8169552446864,0.8955079547297358
2024-01-01 00:07:33,234.1539610581075,2.41467495525037,487.7260512905104,0.9205778116620806
2024-01-01 00:07:34,230.13876227026554,2.454544203830397,500.6500173710271,0.9419850072823388
2024-01-01 00:07:35,230.32038118663414,2.5022315182554618,498.04438070960515,0.9175731404286257
2024-01-01 00:07:36,,,,
2024-01-01 00:07:37,228.3086779344653,2.4267025743732353,489.8597030677657,0.9056711577848263
2024-01-01 00:07:38,230.6661407452365,2.299145581048053,450.8280272450494,0.9162684013075879
2024-01-01 00:07:39,229.94827430409228,2.2874683527236024,464.87165578840893,0.9653467219780848
2024-01-01 00:07:40,230.62781642291512,2.3484575502832707,467.15713539637903,0.9325721314366352
2024-01-01 00:07:41,228.3332623881012,2.337884199728217,473.6583633843436,0.9119765746142295
2024-01-01 00:07:42,226.82086501338208,2.448078502214873,493.3551530888083,0.9266161291598958
2024-01-01 00:07:43,225.85403312801742,2.3385322538827746,468.06437523762776,0.9018313762850072
2024-01-01 00:07:44,227.76523177402078,2.380573594125186,461.5438726193344,0.9143444032853024
2024-01-01 00:07:45,,,,
2024-01-01 00:07:46,229.41361682670248,2.392326740623334,493.67867689784987,0.9334103768160542
2024-01-01 00:07:47,233.87446232485902,2.5607418715736316,516.3236302795882,0.9748589854014248
2024-01-01 00:07:48,232.2119867398146,2.486376816608394,498.6783335487724,0.9359002832937633
2024-01-01 00:07:49,228.07581776731675,2.4130705345292394,490.19532723309004,0.9378288375206046
2024-01-01 00:07:50,230.69541690490192,2.3562240349811763,466.39391841712774,0.952085596136539
2024-01-01 00:07:51,,,,
2024-01-01 00:07:52,229.4312723239198,2.4156565274070623,492.01588388426285,0.9447387877301914
2024-01-01 00:07:53,230.37065129883075,2.4310041439374124,477.06776475943593,0.9403129193356214
2024-01-01 00:07:54,231.2383422339508,2.271162775618633,460.944164385621,0.9716435271702044
2024-01-01 00:07:55,229.32148303223198,2.354552358190472,474.50425298278344,0.961823734126197
2024-01-01 00:07:56,232.12770306546872,2.1363754354698066,429.0491818470134,0.9204408561988919
2024-01-01 00:07:57,227.7161235477152,2.349006462740556,478.1087783885175,0.9685190083014268
2024-01-01 00:07:58,230.01267812472454,2.392023843108729,472.1436494321356,0.9389683550967147
2024-01-01 00:07:59,235.19534745319166,2.2754639136657433,464.64720630976797,0.9266407214448121
2024-01-01 00:08:00,230.44615948525055,2.4724855447019114,508.48607993162693,0.9491635948031218
2024-01-01 00:08:01,232.86642901321235,2.1897837649642757,438.29875245477143,0.9416343684881057
2024-01-01 00:08:02,230.18304035634642,2.2864518801551026,468.97163941918285,0.9769036540550303
2024-01-01 00:08:03,,,,
2024-01-01 00:08:04,229.8864336112146,2.2275073393911393,447.78872775293615,0.9510653762497486
2024-01-01 00:08:05,229.6591848376716,2.212160768993565,433.7501440301005,0.965338195379425
2024-01-01 00:08:06,,,,
2024-01-01 00:08:07,230.8606027179151,2.279851972324348,468.1845854165763,0.9636712684442404
2024-01-01 00:08:08,228.29692562162847,2.318265144775083,472.3543855683184,0.9766891265159766
2024-01-01 00:08:09,231.33117047262687,2.1655236182841096,450.38846528209774,0.9607499175287774
2024-01-01 00:08:10,232.17057400889183,2.232373633956119,457.9627485596381,0.9521813642164734
2024-01-01 00:08:11,230.73306281447447,2.065609704285369,423.44070226510576,0.9738394330000847
2024-01-01 00:08:12,229.4275025328886,2.1971921774814156,441.2294109751148,0.9474412607508833
2024-01-01 00:08:13,230.9079311586174,2.029088579712824,419.63510094142566,0.9501027904467325
2024-01-01 00:08:14,229.38265388890719,2.1989408153353316,444.9745983188322,0.984023515676315
2024-01-01 00:08:15,231.8710942509303,2.295437214743655,475.92202266430684,0.9821599796790732
2024-01-01 00:08:16,226.33718783156976,2.0465895727414933,399.1897255199897,0.949662871361098
2024-01-01 00:08:17,229.3287852637627,1.8239103624376607,365.92252910421746,0.9408355910170214
2024-01-01 00:08:18,226.01837600975202,1.9726815271879392,395.2528701155335,0.9792256524982339
2024-01-01 00:08:19,227.0098783395456,2.1349732876420204,416.87357888767815,0.9660014207283589
2024-01-01 00:08:20,232.7277244596278,2.051378763841141,410.8456201462292,0.9563108532504547
2024-01-01 00:08:21,231.79036996394336,2.0052516371762263,417.80793242874876,0.9435432505546095
2024-01-01 00:08:22,,,,
2024-01-01 00:08:23,226.9949930879182,1.9974577108837632,389.52283796631093,0.9494354191294221
2024-01-01 00:08:24,224.0709423243167,2.055178750744233,399.06201608442353,0.936490259156336
2024-01-01 00:08:25,228.91300898413473,2.009808250476989,400.20163312721644,0.9522406606163367
2024-01-01 00:08:26,,,,
2024-01-01 00:08:27,230.8697685429273,1.922923477175591,397.8415458239437,0.941843687801302
2024-01-01 00:08:28,228.88085542790103,1.9623185921384527,403.92229743218996,0.9672371628362042
2024-01-01 00:08:29,230.9301604190006,1.8259553796681038,372.15797454515035,0.9747218659438925
2024-01-01 00:08:30,226.8780832940111,1.7815390336476873,357.7084936638467,0.9681033033213521
2024-01-01 00:08:31,229.40535327460472,1.9975353006925531,396.88233271515605,0.9429161346546744
2024-01-01 00:08:32,230.19895494603148,1.8338234668345763,376.9148372103597,0.9632689721778334
2024-01-01 00:08:33,229.82779869635792,1.8782210367637666,371.6181175164528,0.9493989678719572
2024-01-01 00:08:34,231.58161224338016,1.7958367754689526,355.71245340697953,0.9227878535301972
2024-01-01 00:08:35,230.6892904524721,1.7107549127241533,354.6598232899992,0.9605963124250237
2024-01-01 00:08:36,231.33665203621598,1.7566762665492328,362.9846548705404,0.9496793171749537
2024-01-01 00:08:37,228.62325543553848,1.8855903349457774,372.9712467021191,0.998218706743194
2024-01-01 00:08:38,231.7956308168211,1.784182775068027,365.4922809856642,0.9750604301588396
2024-01-01 00:08:39,233.257873895248,1.544447335134978,314.6285997588423,0.9596815929463274
2024-01-01 00:08:40,228.05970096069717,1.6812870435222913,332.11366144623065,0.9499620001989414
2024-01-01 00:08:41,228.22460868857087,1.868551289187566,368.5967130872398,0.9477495776422981
2024-01-01 00:08:42,232.67156867264046,1.656758565175381,330.2803192875853,0.9238745531838032
2024-01-01 00:08:43,229.61731202660988,1.4862246801682129,299.4465732406182,0.9086186018831021
2024-01-01 00:08:44,232.80764278413312,1.844041414136278,374.4972474049645,0.9253741017102077
2024-01-01 00:08:45,229.11492857621562,1.7117808271537815,343.40919658391795,0.9412749548233764
2024-01-01 00:08:46,232.9100911525414,1.6256974743147283,325.9223012879966,0.8994997419462122
2024-01-01 00:08:47,230.2629716336109,1.5850770153143339,327.36578161682684,0.9300826978416531
2024-01-01 00:08:48,230.5164576466454,1.7203472081470355,349.7453453647822,0.9353530114671436
2024-01-01 00:08:49,233.1294360433398,1.5481900830556694,323.02396274064637,0.9353105757300777
2024-01-01 00:08:50,229.27645904511166,1.707883260719293,334.98021860729745,0.925676335204262
2024-01-01 00:08:51,228.1177558081501,1.6383483469008604,329.3149981782879,0.9313502718839438
2024-01-01 00:08:52,229.10287158394328,1.6000790362743336,327.16519711097993,0.9719063867336971
2024-01-01 00:08:53,230.90466790128627,1.582063589617118,316.55435272685355,0.949897784536594
2024-01-01 00:08:54,226.86848185563898,1.54234381120203,300.8369386044342,0.9246538299132552
2024-01-01 00:08:55,231.27494180530223,1.657167951530685,330.85083043932013,0.9336766503962036
2024-01-01 00:08:56,228.9224573647645,1.459274948653693,288.5105091878816,0.9336400959267831
2024-01-01 00:08:57,232.29562532146713,1.3772706915189272,279.0975697548768,0.9179892129896117
2024-01-01 00:08:58,225.21147939019906,1.5950161378433063,311.188118611689,0.9170870908029592
2024-01-01 00:08:59,228.42686844979167,1.591265648327978,313.89489576793034,0.951781180531517
2024-01-01 00:09:00,226.6270636975318,1.5712017537777723,314.21132443856504,0.9222558710510658
2024-01-01 00:09:01,228.3475410672721,1.5594573354775365,303.62774749413757,0.9078185698578443
2024-01-01 00:09:02,230.4953318022179,1.4826127962787967,296.29074552573593,0.927890942165892
2024-01-01 00:09:03,229.64154674910048,1.5898768846729108,322.9280026617955,0.9301357448040305
2024-01-01 00:09:04,229.49324486210398,1.5035175214956733,296.32386993844864,0.8873240567946605
2024-01-01 00:09:05,229.68163025723987,1.4567926560511022,288.1048420601752,0.9249468428440935
2024-01-01 00:09:06,230.4067764812399,1.472234055041254,291.7342308396504,0.9420862856194755
2024-01-01 00:09:07,227.9829279161138,1.703896882030037,330.2084777707556,0.932697735432029
2024-01-01 00:09:08,231.4136992817981,1.3272371525640687,268.3454021245151,0.9671973148767539
2024-01-01 00:09:09,231.32533194077098,1.5501086273721494,305.4909748080446,0.9465339358317789
2024-01-01 00:09:10,230.77007587531222,1.33210763551588,265.4942223975767,0.949383098182583
2024-01-01 00:09:11,231.11306688550252,1.4895781207335597,309.7454221594755,0.9752814192873868
2024-01-01 00:09:12,230.59283600161731,1.4579150191579773,301.19458552526794,0.9333009978504592
2024-01-01 00:09:13,234.07014660546213,1.2941439222522486,260.7399320800084,0.920240619994718
2024-01-01 00:09:14,229.82581165789497,1.5434108139756584,307.0064321860692,0.9352788222683294
2024-01-01 00:09:15,,,,
2024-01-01 00:09:16,228.49294483928526,1.299773148527411,264.97972168159953,0.9155588809707592
2024-01-01 00:09:17,227.93547465884433,1.5969718929038863,324.0139833184608,0.8992275318123859
2024-01-01 00:09:18,227.51105642479786,1.6603180789025493,323.46393867041763,0.9189033480656622
2024-01-01 00:09:19,228.22240537353815,1.6701095926024772,326.35468812011175,0.8966519954111253
2024-01-01 00:09:20,229.85863923669586,1.561745591928223,312.61355126189693,0.8946833850349429
2024-01-01 00:09:21,230.66859025699543,1.535676948309157,316.5083717468225,0.9154087695864606
2024-01-01 00:09:22,230.10228411710432,1.6695712223905828,343.48995361027124,0.9030883112241538
2024-01-01 00:09:23,228.46892944514056,1.7111359684901455,334.3988802223787,0.8659815615413117
2024-01-01 00:09:24,231.80036912803993,1.6628480861774229,338.6995901824553,0.874096821629379
2024-01-01 00:09:25,231.4788253446019,1.4623761042747556,290.3676109706868,0.8789254646205393
2024-01-01 00:09:26,229.68070338515597,1.5841410878539264,321.7519356008336,0.8828613795715821
2024-01-01 00:09:27,228.69416771067057,1.6158656584017703,331.0410877759488,0.9074468297973661
2024-01-01 00:09:28,231.0968558416596,1.399282680427663,282.21728709010324,0.9021625444346653
2024-01-01 00:09:29,230.3759471749722,1.6359254392749816,321.91179466221706,0.9177029574844954
2024-01-01 00:09:30,227.1037454811699,1.8254395756598505,364.386441660495,0.9100555497536118
2024-01-01 00:09:31,229.86403948803118,1.6716820131578245,334.46946545162024,0.9150286015950708
2024-01-01 00:09:32,230.52407162414877,1.7649652598488357,362.3333275195104,0.9043387293999812
2024-01-01 00:09:33,228.2006104270245,1.6462287164504041,325.7127053079635,0.8949342394241404
2024-01-01 00:09:34,230.3796867856749,1.6312962512194091,335.8849762800303,0.91128747355352
2024-01-01 00:09:35,227.0903550294844,1.6877830600060426,331.03255057021715,0.9062387735089663
2024-01-01 00:09:36,232.67237220002434,1.5794571868663836,315.2659983414093,0.8939131555969093
2024-01-01 00:09:37,232.49589997011887,1.576381111087756,317.1431091367026,0.910344428253177
2024-01-01 00:09:38,229.49496533139407,1.8114311345620344,354.08292635475993,0.8365303432276112
2024-01-01 00:09:39,230.72690867567815,1.8343883371126553,365.7081036098046,0.876151701251522
2024-01-01 00:09:40,225.18015606840024,1.6106960666576748,320.263400315072,0.8743521182964962
2024-01-01 00:09:41,227.68730467946932,1.8195458463926912,355.09166897927565,0.9020210230061335
2024-01-01 00:09:42,229.41244215969573,1.7272631261549958,339.023754215274,0.9088875488260296
2024-01-01 00:09:43,227.85573395714627,1.783413976160344,348.096747046454,0.8469415628756432
2024-01-01 00:09:44,231.42879296526132,1.8091765043555077,357.51473145044014,0.9026475871718119
2024-01-01 00:09:45,233.99459306149598,1.8765451805942972,392.4388948343834,0.8494684010299013
2024-01-01 00:09:46,227.6467705611414,1.7995576328385348,367.552435375724,0.8485404056797922
2024-01-01 00:09:47,228.3250731918296,1.9466838728706217,378.8399945326834,0.8651411256871216
2024-01-01 00:09:48,230.47089673661986,1.851182792459694,378.8611885403834,0.861919942562102
2024-01-01 00:09:49,233.22223229699924,1.8974113483210016,392.450898343866,0.8355684428457102
2024-01-01 00:09:50,227.5552513749202,1.766581079526886,361.7332017012867,0.8781829306605171
2024-01-01 00:09:51,230.4980722446139,2.08083592891577,416.0268068769562,0.8772182519232001
2024-01-01 00:09:52,233.64259770162622,1.9271486009579193,389.15212559930194,0.8831525011756978
2024-01-01 00:09:53,226.69648170364147,1.9667803118877185,389.08345947754765,0.8518410469961897
2024-01-01 00:09:54,,,,
2024-01-01 00:09:55,229.15278678707833,1.8441338116596657,374.5949029884162,0.8567711778249015
2024-01-01 00:09:56,228.95882317428917,2.0657708184135304,413.1833351957233,0.8895714863045298
2024-01-01 00:09:57,231.6252025755073,1.9863073107172524,396.6929176182026,0.7975571028199541
2024-01-01 00:09:58,230.4833194396417,1.7819178422459794,364.0263416426498,0.833532484793232
2024-01-01 00:09:59,226.45007588071573,2.0928288056453876,423.081977291754,0.8512109021486313
2024-01-01 00:10:00,231.03082080580162,1.9503363960497262,392.0103032969683,0.8278171224130537
2024-01-01 00:10:01,228.8449222252887,2.1615565813382553,436.99822612322146,0.8427906782298041
2024-01-01 00:10:02,232.54889443388248,2.027331344092092,410.1696844742165,0.8438646374747325
2024-01-01 00:10:03,228.74482492712616,2.072239933033632,414.25266985924725,0.8316623814093559
2024-01-01 00:10:04,228.72676943379554,2.1852679336318985,437.9731623134302,0.8445367178191879
2024-01-01 00:10:05,231.08226322160905,1.9931598349958892,409.3606432686903,0.8542432283495404
2024-01-01 00:10:06,231.52585296467387,1.9990792044269923,416.0341113055867,0.8353898722208867
2024-01-01 00:10:07,230.89619872787242,2.0940716258823855,421.72904631898547,0.8294887061361749
2024-01-01 00:10:08,,,,
2024-01-01 00:10:09,231.0760688798565,2.010996822826604,403.6695150644935,0.835287540409486
2024-01-01 00:10:10,227.9313838966512,1.9922565908739347,389.0230681645033,0.7990769125466384
2024-01-01 00:10:11,230.47055222317653,2.256250516197524,449.71980388495217,0.841565399256552
2024-01-01 00:10:12,227.1525311292019,2.1282271961436967,413.0069383936708,0.8217696764562953
2024-01-01 00:10:13,230.89264429508611,2.1637627923987357,435.3461084933186,0.8544805272864875
2024-01-01 00:10:14,228.38680219138524,2.0315641972543497,398.2676246846553,0.839536144966678
2024-01-01 00:10:15,227.43473069947896,2.163392540411686,426.7481458021989,0.849587157175944
2024-01-01 00:10:16,231.4276402729648,2.24435049240234,462.10342980804444,0.8044423885253866
2024-01-01 00:10:17,230.4832890433535,2.3517196247574446,467.39229664402046,0.8157176247980668
2024-01-01 00:10:18,228.7720463972142,2.1948778960990354,442.170133289478,0.7967857137067874
2024-01-01 00:10:19,232.90235769804212,2.4507888977999013,510.89480608462037,0.8060275907833165
2024-01-01 00:10:20,229.11869515686053,2.229364463709271,448.64977721808015,0.843677431959473
2024-01-01 00:10:21,230.06421534794188,2.2419854597615028,443.42844932373816,0.8468967900441763
2024-01-01 00:10:22,230.5378268953572,2.4761984391273564,495.0694128278507,0.7927040817094391
2024-01-01 00:10:23,228.76066813174276,2.3554581930095186,473.91637620515985,0.8050294430526725
2024-01-01 00:10:24,230.94227258679985,2.2906289428038735,463.05253764726854,0.8112081749816983
2024-01-01 00:10:25,228.93309530567055,2.3414957051424317,459.6223329029313,0.8229904977630731
2024-01-01 00:10:26,229.1767233555676,2.503141301211165,500.42796129435567,0.7746380397009157
2024-01-01 00:10:27,232.72528527960668,2.5249157796727113,515.4256017775607,0.7763400236024179
2024-01-01 00:10:28,227.91882789497512,2.306704028470821,453.9074788530187,0.8167686028147387
2024-01-01 00:10:29,225.174439338141,2.3938441430612842,474.6840381138333,0.7665819893949877
2024-01-01 00:10:30,233.2218739900238,2.416414127055933,481.0035098877729,0.7952244686827015
2024-01-01 00:10:31,235.098655905214,2.3176828980570994,472.3221056271854,0.806011230558516
2024-01-01 00:10:32,229.18946146910133,2.419235612886249,493.59091082532876,0.809703356475021
2024-01-01 00:10:33,226.12632391875962,2.4334139633510463,474.8538001575328,0.7971883236380217
2024-01-01 00:10:34,229.37903204760812,2.5545525549137453,515.7971688340428,0.7913525431351566
2024-01-01 00:10:35,229.42755410031867,2.568488853013312,512.9709568398197,0.8142167648348437
2024-01-01 00:10:36,229.62015231795547,2.421597839751045,481.43886125387104,0.8017001459806866
2024-01-01 00:10:37,227.7732239161563,2.4394468905900397,497.74658224781905,0.7817397128337447
2024-01-01 00:10:38,231.15912228495296,2.533139609853231,507.7745674127592,0.7941321840562133
2024-01-01 00:10:39,231.04901475057218,2.4135986617339076,480.6098832197858,0.7997527721052053
2024-01-01 00:10:40,227.0111887603614,2.5359222595654205,515.5037707767946,0.8251801048857021
2024-01-01 00:10:41,231.39839346338977,2.47273706341512,507.7002738209672,0.8052824193649892
2024-01-01 00:10:42,234.10536996389177,2.3885816368949837,494.3652505863168,0.8126025976511522
2024-01-01 00:10:43,230.34392066487413,2.3933519753289456,469.9653819086557,0.7748700630948783
2024-01-01 00:10:44,229.32534967586298,2.6367725660852797,517.9438149724357,0.7753848429428939
2024-01-01 00:10:45,229.71599357118495,2.4789695020767417,502.21552089971345,0.7799630305816359
2024-01-01 00:10:46,231.2305135339371,2.66070340245835,529.3929710792476,0.7806174420502389
2024-01-01 00:10:47,226.53865678898558,2.4468700682499507,477.41773682972,0.7621630874145848
2024-01-01 00:10:48,230.3287814059546,2.528427727158691,517.7015579655098,0.8064936655420998
2024-01-01 00:10:49,229.21907210107437,2.7391551430550556,542.662746474558,0.7977104307410192
2024-01-01 00:10:50,233.6956500259121,2.3942352377549274,477.5967409847966,0.7728155237528005
2024-01-01 00:10:51,229.6516545323901,2.3097849960669787,451.8453130044398,0.7906665301863917
2024-01-01 00:10:52,233.33577522223905,2.627324487911356,534.6759633030756,0.7812113608086293
2024-01-01 00:10:53,227.792518604436,2.414590977898594,484.4937269726148,0.7900890881033943
2024-01-01 00:10:54,231.1745183336056,2.4933164272898307,514.9734316774397,0.7477638895548172
2024-01-01 00:10:55,230.63880052758245,2.434421041480929,480.36183462009006,0.7707129241841031
2024-01-01 00:10:56,228.26190550427043,2.5169679084048653,493.99840843965313,0.7714603516762728
2024-01-01 00:10:57,230.35479222927387,2.3917525728479547,482.90364342227207,0.7841080519992181
2024-01-01 00:10:58,232.4250376736632,2.464985848355255,497.416093139219,0.7580999004447241
2024-01-01 00:10:59,229.3524165914268,2.5236579336069025,505.95079269474155,0.7197230738591537
2024-01-01 00:11:00,226.61607470166047,2.3730691876036225,481.95786614813454,0.7471605571536792
2024-01-01 00:11:01,229.9648743470451,2.398647198391046,483.8921485254944,0.7666665112398219
2024-01-01 00:11:02,228.19515381041498,2.428209873807804,482.49090215042435,0.7682783552235005
2024-01-01 00:11:03,229.31531812267224,2.313901838439156,477.2716563564566,0.7998093322616735
2024-01-01 00:11:04,229.83682446062977,2.407911267135038,472.2172819193796,0.7769437110151098
2024-01-01 00:11:05,,,,
2024-01-01 00:11:06,226.76868332135865,2.3956532972212097,475.3968914620496,0.763012751555089
2024-01-01 00:11:07,230.96413367105106,2.4005417670236593,485.2383013836416,0.7849620293673835
2024-01-01 00:11:08,228.95456260766065,2.4173379838634728,495.9550215257121,0.7503154547863788
2024-01-01 00:11:09,224.87051131635886,2.3449882989865687,461.59698167240913,0.7585729955311706
2024-01-01 00:11:10,231.56968807321627,2.470497814882681,498.8190155348211,0.738876404208409
2024-01-01 00:11:11,230.54473951054848,2.5354217624452526,504.81278993568554,0.7883446478909236
2024-01-01 00:11:12,228.57225035192704,2.3354312325401967,471.32686262971197,0.7671437026058022
2024-01-01 00:11:13,227.3663395778835,2.420057180723937,483.37567405735297,0.7444928577075642
2024-01-01 00:11:14,231.67161579262867,2.3368766984259635,465.9820029153063,0.7557263866333915
2024-01-01 00:11:15,230.69870124512087,2.3863317445746346,487.47251788923904,0.7676033838305942
2024-01-01 00:11:16,234.76520456536815,2.4949600202671127,516.7333729010808,0.7518137400066226
2024-01-01 00:11:17,230.84037719744987,2.377512802112332,477.40541659036916,0.7455794672946211
2024-01-01 00:11:18,230.77540628252402,2.137247491014679,419.3490664054645,0.7426473173720214
2024-01-01 00:11:19,229.66614413978286,2.3476198331489084,470.33260676776587,0.7619992227386126
2024-01-01 00:11:20,231.63355173440158,2.4128394160704945,475.2296715893135,0.747569501784817
2024-01-01 00:11:21,231.2501704024963,2.2544401566363215,445.09370421124726,0.7451895651144953
2024-01-01 00:11:22,232.50345001713038,2.3629367424092145,478.81096212285416,0.7271012620357198
2024-01-01 00:11:23,228.95735416272544,2.180875018140315,426.4735098581193,0.7549568401018263
2024-01-01 00:11:24,229.12918505411207,2.0875991121110777,413.1733515243999,0.7493849486914599
2024-01-01 00:11:25,229.04179365817603,2.2363030980165335,452.1632010227409,0.7462057943138549
2024-01-01 00:11:26,231.581603442358,2.0323522017604354,407.3196479896356,0.7562675651246326
2024-01-01 00:11:27,232.99674888059346,2.169630974076255,454.90583312941146,0.7669297191928511
2024-01-01 00:11:28,229.0823190137014,2.30770924416946,473.5774777120033,0.7657027174614848
2024-01-01 00:11:29,229.1504525444138,1.9732888169967404,397.58629397986414,0.7624519975127778
2024-01-01 00:11:30,230.6281544477396,2.021393245599095,418.8007282890649,0.746334394449986
2024-01-01 00:11:31,229.5084769999742,2.031069987374767,416.45682927794536,0.7395826205410844
2024-01-01 00:11:32,231.90410730627977,2.112738868571151,424.2721595446929,0.7298435320034479
2024-01-01 00:11:33,225.4964454187619,2.0671791924840472,413.6912241282294,0.7386824921656581
2024-01-01 00:11:34,228.3465899061662,2.2282420336829762,435.97082845277276,0.7507869651339915
2024-01-01 00:11:35,228.4351673320771,2.1682534961971824,437.9626468386896,0.7345411826104237
2024-01-01 00:11:36,225.35928797522772,2.106764290529113,415.21982985907283,0.7520856219124878
2024-01-01 00:11:37,228.0727231112624,2.056161817462469,399.0057910694146,0.7307775772303714
2024-01-01 00:11:38,228.16968776830814,2.065242459772457,407.00307550427186,0.716813781446119
2024-01-01 00:11:39,229.59779069096234,1.9240163375925303,396.58941527729746,0.7663933399730448
2024-01-01 00:11:40,232.22593178332053,2.080220608891686,418.247605987096,0.7405132208844601
2024-01-01 00:11:41,229.5098786976186,1.8675855822009892,368.22377453879716,0.7332818327848759
2024-01-01 00:11:42,227.9383725594577,2.046639093775452,400.90568871956066,0.7281912487176238
2024-01-01 00:11:43,229.88609091757294,2.0660634822531487,415.09570771278504,0.7585992780854998
2024-01-01 00:11:44,232.0983472428827,1.9529354430654693,404.3796365129876,0.7777317438412797
2024-01-01 00:11:45,228.04808236777018,1.8986947519035653,384.4551419348046,0.7422917839155888
2024-01-01 00:11:46,228.1788502321571,1.9408967921626235,386.1143260300323,0.7461862761123073
2024-01-01 00:11:47,231.11709791854844,1.5993616392377996,318.051535882682,0.7720990381840775
2024-01-01 00:11:48,229.5569277685384,1.900500070449306,371.83685729678575,0.7146508786859329
2024-01-01 00:11:49,231.29496938141895,1.8438277729335102,372.3627284391063,0.7904150428600389
2024-01-01 00:11:50,229.9727064164094,1.8351323650226474,375.9187996689912,0.8002019853071398
2024-01-01 00:11:51,231.40332729617913,1.8960382971099128,388.94451810676117,0.6974599101151644
2024-01-01 00:11:52,227.9298437719187,1.8032705194727061,357.7634299878928,0.7499275838868078
2024-01-01 00:11:53,229.97583069842347,1.682276048123332,340.35441957104746,0.7378139300392266
2024-01-01 00:11:54,229.5786199712737,1.767907020560375,353.84565439055973,0.7472368140656993
2024-01-01 00:11:55,227.56821815179174,1.774768698155526,354.9914865624127,0.7445279996739124
2024-01-01 00:11:56,226.87304410426262,1.7657015751191347,350.8669512836139,0.7695183176275344
2024-01-01 00:11:57,231.37149807054934,1.756837964479665,359.3499381194474,0.7514430594302318
2024-01-01 00:11:58,229.29809523556403,1.8312769832136233,367.5816339655991,0.7359114209280763
2024-01-01 00:11:59,227.95543943670535,1.605700026074833,328.3383475010792,0.7511446478957613
2024-01-01 00:12:00,229.80764212615333,1.7191191597588769,344.26169704427707,0.7653663867257657
2024-01-01 00:12:01,232.2560377146986,1.8180825464920638,359.2575926356744,0.7319020721193725
2024-01-01 00:12:02,225.43852430925617,1.50347602751161,292.10604348144,0.7231809424840931
2024-01-01 00:12:03,227.00672262019336,1.6830685888976866,334.32099182146953,0.7965127800871727
2024-01-01 00:12:04,228.15422711620946,1.5950636469571948,319.1686958348918,0.7443847520913702
2024-01-01 00:12:05,232.92235773344066,1.6053702306250146,328.16519511634675,0.7550844992663852
2024-01-01 00:12:06,230.5651739658386,1.541153511070597,314.73119419618286,0.750496688148953
2024-01-01 00:12:07,231.53463448092245,1.6042360784277698,320.82149524824683,0.7700579981642535
2024-01-01 00:12:08,227.71967816174754,1.7952478127354505,361.0823378520137,0.7952181419486409
2024-01-01 00:12:09,227.76092824945894,1.474994475889971,297.38003955114146,0.7720494067981473
2024-01-01 00:12:10,230.8956274334454,1.4751854991272044,296.5261958662413,0.7307939305429998
2024-01-01 00:12:11,230.1165486618709,1.4530649346615767,290.9418948880459,0.7342112100558149
2024-01-01 00:12:12,231.09747763772825,1.7475237978455964,346.8840144245779,0.7546685888628604
2024-01-01 00:12:13,229.6246580181431,1.5204916349139614,303.99804265328584,0.7580590005481592
2024-01-01 00:12:14,230.55628745290926,1.556533353107374,319.15644964354715,0.7297818021096312
2024-01-01 00:12:15,230.31623816981022,1.5116261718904422,311.75228633419067,0.7814259947732389
2024-01-01 00:12:16,231.55553477816986,1.4507120437241505,295.50268175508853,0.7441520978713551
2024-01-01 00:12:17,231.61401656388895,1.5153384594046315,303.5811377426861,0.7966046494207631
2024-01-01 00:12:18,226.76025601121646,1.7788326284381555,356.6239713514494,0.8040319433302183
2024-01-01 00:12:19,,,,
2024-01-01 00:12:20,232.003490795303,1.437413269182589,289.0015589428037,0.778220907719176
2024-01-01 00:12:21,,,,
2024-01-01 00:12:22,227.95875396097333,1.4311390984580181,278.5067117251642,0.7838167260778288
2024-01-01 00:12:23,226.28032918690874,1.3331645365015963,256.58077676634883,0.7623594822517431
2024-01-01 00:12:24,230.1980696420144,1.6097455799716918,317.25468082997673,0.7515779401962361
2024-01-01 00:12:25,231.86167645270106,1.621283194175991,322.4587052256962,0.7685542006929115
2024-01-01 00:12:26,233.59518904486862,1.607847279406257,335.7532259553781,0.7660628805519089
2024-01-01 00:12:27,231.0325951442029,1.454714404855083,292.81500698158715,0.7699300232485329
2024-01-01 00:12:28,229.2565666068286,1.4839744849639205,293.8559989060554,0.7965003496225864
2024-01-01 00:12:29,228.21373875683028,1.57507303157377,313.24693298218494,0.762892044495187
2024-01-01 00:12:30,230.0229025833413,1.5391843358845372,307.930125748949,0.8144077360818501
2024-01-01 00:12:31,229.4014705922295,1.4611031400546266,289.9545118343724,0.7543325242024864
2024-01-01 00:12:32,227.96986418854237,1.3394853323883407,261.663412520038,0.814285845918796
2024-01-01 00:12:33,234.09751130172657,1.5141982188150043,312.9246482721932,0.7628073520072405
2024-01-01 00:12:34,233.57033680414426,1.612621005131991,322.7340402736642,0.7842941375996282
2024-01-01 00:12:35,232.27209736711086,1.3873598247440762,286.4020615702968,0.7757035409429242
2024-01-01 00:12:36,,,,
2024-01-01 00:12:37,231.71003864859455,1.546527900901788,317.69833430839316,0.8039682167431068
2024-01-01 00:12:38,231.27925281899581,1.592238843829791,327.84696567489004,0.819177554744507
2024-01-01 00:12:39,230.88509124840812,1.6087487719649904,318.0482212181577,0.8142464808736626
2024-01-01 00:12:40,232.49933053408756,1.4569045459537993,289.38909865388496,0.7836085393385754
2024-01-01 00:12:41,231.27074228572255,1.3699228803391288,284.34194775977846,0.7966748472927605
2024-01-01 00:12:42,231.48002847260867,1.4839973162170876,299.9415732067496,0.7786463427351444
2024-01-01 00:12:43,231.27381256674443,1.6324494862684977,332.80843822704287,0.775768811204006
2024-01-01 00:12:44,230.6815828160042,1.4959747747825174,293.73110628187516,0.7739991524511781
2024-01-01 00:12:45,226.43277774057162,1.487853610392062,291.05885862095687,0.7895121660612862
2024-01-01 00:12:46,,,,
2024-01-01 00:12:47,228.88761608230175,1.7479929351612968,357.80837413076875,0.7627422523918788
2024-01-01 00:12:48,227.44031808471996,1.6636717206008382,326.76356564010206,0.8014272727489394
2024-01-01 00:12:49,233.36363323860164,1.6668759483912678,345.71700822671016,0.8340624081216134
2024-01-01 00:12:50,233.4579906817714,1.6958500204089564,349.6321048780098,0.827579110756608
2024-01-01 00:12:51,232.71844120059123,1.6663355074006028,331.8539768016704,0.7948472709797931
2024-01-01 00:12:52,,,,
2024-01-01 00:12:53,232.7012502419053,1.6126125486468275,323.431419507495,0.8185995273911436
2024-01-01 00:12:54,230.02410636120365,1.5969495432080587,320.36419326619756,0.7644955574892082
2024-01-01 00:12:55,230.40559455379557,1.9142529982204954,388.90726468161677,0.834498076837574
2024-01-01 00:12:56,227.81305725907603,1.7177880529312062,341.11497205930715,0.8094834298446644
2024-01-01 00:12:57,230.79398260899768,1.6275684372078154,323.88085175054266,0.8518503217129187
2024-01-01 00:12:58,230.12077185684885,1.7325718857739865,352.7680330758049,0.7821627308553655
2024-01-01 00:12:59,227.39469576633107,1.597319211824671,319.353264332056,0.8365509143315876
2024-01-01 00:13:00,229.89760577636682,1.861538605321652,374.8811420179419,0.8176716193440462
2024-01-01 00:13:01,229.8405408722864,1.6579482603751567,334.4676260155548,0.8145620797529672
2024-01-01 00:13:02,233.59512233328928,1.7874035464494649,359.53193255262653,0.7952946326368272
2024-01-01 00:13:03,231.78842665702683,1.8573921169393026,380.59072394405064,0.8361216163401173
2024-01-01 00:13:04,230.02289087818292,1.8030167411491307,360.56035875116737,0.8392509326561328
2024-01-01 00:13:05,,,,
2024-01-01 00:13:06,230.08842475620838,1.7937951618958659,353.911778907979,0.8489498505577594
2024-01-01 00:13:07,229.5941720304089,1.8014725444263817,363.90928047744,0.8184493163788077
2024-01-01 00:13:08,227.83514560522343,1.7640390489822217,353.7344250233885,0.8117932077638182
2024-01-01 00:13:09,229.69789624478614,1.79152892651968,356.78572479413486,0.8060483449132809
2024-01-01 00:13:10,,,,
2024-01-01 00:13:11,227.4993689221537,1.855630216741707,376.6771991899951,0.8209620191598958
2024-01-01 00:13:12,231.02244362909508,1.8031128494293192,356.3469866907597,0.867688951884304
2024-01-01 00:13:13,230.78252931986648,1.8453881851144518,376.80111394809995,0.8501475879309254
2024-01-01 00:13:14,226.42658497726384,2.022482213857393,398.26988780825997,0.8478085545691639
2024-01-01 00:13:15,229.75463072500975,1.9955195026254688,412.625325035198,0.8366396513583013
2024-01-01 00:13:16,231.99140277179984,1.999576617724992,399.5211464692542,0.8575587804880637
2024-01-01 00:13:17,232.11844747779264,1.9334322119084542,387.7622475824009,0.8456056081931469
2024-01-01 00:13:18,232.05167368577048,2.0322015311582216,411.26373232431547,0.8401014677578523
2024-01-01 00:13:19,230.0778264138029,1.9262149537388584,382.65689754087515,0.8629771604359642
2024-01-01 00:13:20,228.3099093440617,1.9803247597230382,399.9520721637003,0.8477491865223493
2024-01-01 00:13:21,227.83260234528387,2.1189754983288513,421.9643881699742,0.8362333418758221
2024-01-01 00:13:22,230.6892098095007,2.125109976034233,422.11813130985155,0.865767438334095
2024-01-01 00:13:23,230.75856006873033,1.9551411570972506,394.9136514058911,0.8540611237416539
2024-01-01 00:13:24,232.57466222321014,1.9833767448989472,412.5898422357439,0.8666876520284142
2024-01-01 00:13:25,232.19995930068416,2.095328760912014,432.8313858805496,0.8493991630553175
2024-01-01 00:13:26,229.73554268693766,2.2725175047446844,456.7877172986981,0.8358587490499333
2024-01-01 00:13:27,227.51158824227826,1.9236947803683564,378.32655137236617,0.8963049893259535
2024-01-01 00:13:28,229.3617868059782,2.1583177673792258,425.23278705378453,0.894095207365489
2024-01-01 00:13:29,230.43446238962105,2.007984415591638,413.62426265990865,0.882394896431724
2024-01-01 00:13:30,229.5958335092212,2.097116102430793,426.3626343217763,0.8585155661792114
2024-01-01 00:13:31,228.84421178384468,2.1389082117839617,430.05828133273195,0.8618139842677318
2024-01-01 00:13:32,230.5057696299398,2.1479288475682936,442.6143373325856,0.8970110551898622
2024-01-01 00:13:33,228.99208451717877,2.1510410416458665,421.6827237978151,0.8638272853780097
2024-01-01 00:13:34,228.74386783254926,2.219380354988613,448.84315433428435,0.8597869823772404
2024-01-01 00:13:35,230.62290566860688,2.1791570990178446,432.62459613826627,0.9114114717852442
2024-01-01 00:13:36,229.1960148397416,2.1002300644532665,412.0617910088071,0.8745359804468901
2024-01-01 00:13:37,230.48820877795671,2.338012426184252,470.5971074913069,0.9123745010012194
2024-01-01 00:13:38,230.54640804570425,2.3486054731143358,470.7311106728918,0.8505479465757024
2024-01-01 00:13:39,227.72114199781686,2.3706584768359034,484.2762814960877,0.8903822299195677
2024-01-01 00:13:40,,,,
2024-01-01 00:13:41,232.87555387983292,2.3414172541696376,485.68664696056163,0.8835964306783672
2024-01-01 00:13:42,227.67584097453144,2.391260049309334,483.1515957274094,0.8792007252683772
2024-01-01 00:13:43,225.76669110205893,2.2323589465938247,445.2248729476941,0.862596659951291
2024-01-01 00:13:44,226.27630969351497,2.3478820592449656,476.028636778795,0.9090605631608728
2024-01-01 00:13:45,230.05821989315334,2.346480895940296,469.8635751888914,0.8734639036791005
2024-01-01 00:13:46,230.0618345560654,2.5531116898003603,510.7116528757775,0.8884134580883933
2024-01-01 00:13:47,229.76477828914975,2.5717708703869304,507.02221992065813,0.8670527918737044
2024-01-01 00:13:48,,,,
2024-01-01 00:13:49,224.65433113379413,2.6484291680907477,531.9064382607625,0.9176756794581403
2024-01-01 00:13:50,230.79186774886165,2.316784977500256,467.17335317217294,0.8953475056127034
2024-01-01 00:13:51,233.12287640360714,2.5152426076705976,508.414309616535,0.8742860932058609
2024-01-01 00:13:52,227.74443847021658,2.522680691336361,494.55562796841394,0.929465384917248
2024-01-01 00:13:53,229.2403869764202,2.3340970189464008,467.78327545918734,0.8927947417167964
2024-01-01 00:13:54,228.49421616554275,2.4905995651071717,504.11672471930825,0.8793630346672533
2024-01-01 00:13:55,228.21130790784494,2.4376902366514224,480.83666580843396,0.8675658150074295
2024-01-01 00:13:56,229.34747598995392,2.5106044343377736,511.2453602633775,0.8912168737260849
2024-01-01 00:13:57,232.854970567369,2.484516838158016,509.96990298278996,0.87635804436194
2024-01-01 00:13:58,233.67477335097504,2.586905879751562,537.6243159496182,0.8942953251821648
2024-01-01 00:13:59,229.3281215499197,2.480172606392969,490.59286139589597,0.9229268350306721
2024-01-01 00:14:00,233.81012042812895,2.4607390678905947,507.19680954817005,0.9018032410196943
2024-01-01 00:14:01,230.07115295396926,2.5915549883397846,511.3889093590226,0.9176830470770732
2024-01-01 00:14:02,233.50738205340215,2.543934150730618,515.728561943958,0.897345461885598
2024-01-01 00:14:03,229.81340270069302,2.562541883785626,521.8995167130851,0.914343245558265
2024-01-01 00:14:04,230.2621156520923,2.4258844441979623,492.4430513567369,0.9526700201187289
2024-01-01 00:14:05,230.73094894528566,2.390313030936756,473.9717546088933,0.9084785524772231
2024-01-01 00:14:06,236.35770735873507,2.4400744570758066,514.9724596122098,0.9243169686084421
2024-01-01 00:14:07,231.7025711496896,2.4362810768225716,481.32451282059066,0.8864814851176656
2024-01-01 00:14:08,228.58547094009708,2.5780073697670884,518.4386567119751,0.9493410585185531
2024-01-01 00:14:09,231.9379957405517,2.5975167471636196,541.7291680561842,0.9105246832215135
2024-01-01 00:14:10,229.27633492583132,2.484442359676913,499.3181510553112,0.9421920627958484
2024-01-01 00:14:11,229.0204996341976,2.642590447675045,538.654901863066,0.9198127773612634
2024-01-01 00:14:12,231.81720271978423,2.6353952042979722,537.4711466138481,0.9355851130933698
2024-01-01 00:14:13,230.06217117554232,2.5214453764076863,515.7888717477417,0.9378327998567131
2024-01-01 00:14:14,230.5571518290236,2.4129824534514475,491.11715372746806,0.9164043914846163
2024-01-01 00:14:15,230.0279704437306,2.6502862777697094,539.2610626885103,0.9483133383743049
2024-01-01 00:14:16,230.67316625321087,2.4837370899448383,493.51778308677046,0.9122986357668567
2024-01-01 00:14:17,230.8499317948723,2.4990616613961842,511.7701108928097,0.9440210050850015
2024-01-01 00:14:18,226.12606613458917,2.4486104128888013,477.2269155927144,0.9216228236617462
2024-01-01 00:14:19,231.33314533721907,2.389240940726643,496.9045433298974,0.9373630803602588
2024-01-01 00:14:20,228.0359611603394,2.326532670593544,456.9955790374627,0.9220572027690584
2024-01-01 00:14:21,227.11540172888118,2.5313924334482962,495.4841752154137,0.933201644831551
2024-01-01 00:14:22,229.88317751228263,2.3840120571848398,489.3671709358009,0.9115930113835007
2024-01-01 00:14:23,230.1679620066289,2.7620951046014994,548.1077930038324,0.9389022642298985
2024-01-01 00:14:24,228.61298767085543,2.3408738350448144,464.53796859770904,0.9356783859415068
2024-01-01 00:14:25,231.66206371533596,2.3166381298608663,475.3521475035345,0.924814120124025
2024-01-01 00:14:26,227.31564966725819,2.485848424033829,484.79663292669176,0.9353180479398355
2024-01-01 00:14:27,229.18611250245488,2.5797945168617082,507.26769813878514,0.9398787690168711
2024-01-01 00:14:28,228.830251730134,2.42492906719598,485.1565041767697,0.9256300741540259
2024-01-01 00:14:29,229.9068254593213,2.466887883334007,488.9918915768555,0.9361188555858594
2024-01-01 00:14:30,230.55772856929448,2.2160977462696803,440.31802894403967,0.9192978943397521
2024-01-01 00:14:31,227.98421410075292,2.3230945864258956,450.4292195192507,0.987016417601248
2024-01-01 00:14:32,231.44856535491246,2.2734913175265934,457.01331850153656,0.9619547001828077
2024-01-01 00:14:33,230.1260047366694,2.180979222961967,434.6015279698252,0.9468823601214037
2024-01-01 00:14:34,226.21610749337617,2.3714467602190825,456.8262284060155,0.9654883083803416
2024-01-01 00:14:35,226.08281711920594,2.124375519679574,423.1605244950709,0.9030638384061237
2024-01-01 00:14:36,229.9753614141414,2.205003802312131,446.92079833035365,0.8920752486889344
2024-01-01 00:14:37,229.55806536442728,2.271736004797403,445.11712968026336,0.9357999518747127
2024-01-01 00:14:38,229.79315977285074,2.2302372793102494,443.74336412566987,0.9167482565084706
2024-01-01 00:14:39,229.94403508693955,2.340607628098218,480.9650274426947,0.9400978999384182
2024-01-01 00:14:40,230.45111967902037,2.3188283969499963,469.7749332978086,0.9494301929850893
2024-01-01 00:14:41,231.8952992196966,2.3646690794978564,477.39773043348987,0.9641888582922481
2024-01-01 00:14:42,227.7777901981649,2.33727445625225,464.9028590012683,0.923455140720466
2024-01-01 00:14:43,227.65605681419842,2.3626053832451404,462.7835002879843,0.9546291215024703
2024-01-01 00:14:44,227.81335228422523,2.2345747769226936,453.37113745053296,0.9473165215423047
2024-01-01 00:14:45,230.5778333343374,2.251123901471579,464.9215118434047,0.9543471694333694
2024-01-01 00:14:46,232.4898947572929,2.257721077569236,470.0629918335274,0.9373457444780638
2024-01-01 00:14:47,229.137321123521,2.206323809746544,435.37897240993277,0.9757239462405353
2024-01-01 00:14:48,224.99660031168068,2.137837314997622,416.32860735902267,0.9462869110675529
2024-01-01 00:14:49,226.59201427477925,2.129535696121494,414.0307272454283,0.9841122766744881
2024-01-01 00:14:50,228.33392655440798,2.0660865083795796,408.2402224685846,0.9330680478069475
2024-01-01 00:14:51,228.88454222500957,2.1749203813121745,431.4184273016442,0.9639551358126546
2024-01-01 00:14:52,229.18322274549055,2.1081423831098594,425.97251479894936,0.9481035119723485
2024-01-01 00:14:53,230.07716224596183,2.035895609934179,402.5927642061227,0.9429158012826173
2024-01-01 00:14:54,229.3765073383551,2.020556614729736,415.2535490533758,0.9622661570025075
2024-01-01 00:14:55,232.09867922108683,1.950223607383376,387.08104443483495,0.943760976881529
2024-01-01 00:14:56,228.64796538863726,2.153559598958221,418.7153065942907,0.8966051009162685
2024-01-01 00:14:57,228.2753640810489,2.047894216516843,417.3448779789687,0.8886623466233424
2024-01-01 00:14:58,230.9577510770409,1.9380698856073697,396.2212226649771,0.9754187753551486
2024-01-01 00:14:59,226.92871586014775,2.089498046080246,411.467040239101,0.9746014335019435
2024-01-01 00:15:00,230.77938341064,1.9368832352953103,393.25301259174717,0.9877443181918091
2024-01-01 00:15:01,230.20510636745254,1.8365698848074237,364.09518637712574,0.9496234716458426
2024-01-01 00:15:02,229.70511502016367,2.0636565113221828,406.91869578917,0.9240731861336317
2024-01-01 00:15:03,233.1765522142985,1.8921769173409084,385.4234121795896,0.9414613709932576
2024-01-01 00:15:04,228.75558510941056,1.8894024979894732,375.01225770158595,0.9499840419255409
2024-01-01 00:15:05,234.12059634104816,1.9188850615754234,395.68255853711736,0.9294926530838069
2024-01-01 00:15:06,229.5491371015438,2.0135848331424273,397.92577117291506,0.9824581703242445
2024-01-01 00:15:07,227.44596711005954,1.8859879438639537,378.83478405672355,0.994105420339516
2024-01-01 00:15:08,230.13983916198964,1.7488454142200325,357.53943497713317,0.9586851345409831
2024-01-01 00:15:09,227.84750959936247,1.9080473897810817,373.1544709501061,0.9486819226395121
2024-01-01 00:15:10,228.496488304373,1.79020784421442,348.59480002750206,0.9227551087342349
2024-01-01 00:15:11,230.794066600031,2.012705677246326,405.05231688905906,0.9793140110888956
2024-01-01 00:15:12,231.11116417730025,1.8091817215721528,371.58560837617546,0.9496180548431918
2024-01-01 00:15:13,228.7556645994915,1.5713589500904739,317.23504866838334,0.9419909891849161
2024-01-01 00:15:14,231.9748102900928,1.8163704517315762,372.9363323478847,0.9570559689717286
2024-01-01 00:15:15,232.31501551604228,1.9610818928126506,396.42690878140064,0.935352402597706
2024-01-01 00:15:16,232.8726035131266,1.9104328477792936,383.38056690814153,0.9496143089126604
2024-01-01 00:15:17,231.05882681425143,1.9223991134896041,389.3696612568019,0.9174137632799404
2024-01-01 00:15:18,232.72685742417138,1.6240480650017097,325.12776092104116,0.9675673636801334
2024-01-01 00:15:19,226.2384031440519,1.804230373777273,361.7800954265356,0.9432762514719676
2024-01-01 00:15:20,229.36418690274309,1.628090233668759,321.0893695297114,0.9680557886034571
2024-01-01 00:15:21,228.26598948735315,1.7102892549162954,337.52621034346015,0.9403489133389149
2024-01-01 00:15:22,230.23845172225478,1.5484440518668328,312.0641053367052,0.9411162001339626
2024-01-01 00:15:23,228.85710156160653,1.5994930244063266,320.05517536478754,0.9190392263233491
2024-01-01 00:15:24,229.66768431610055,1.5848452212133672,320.32466225044925,0.9579030550757357
2024-01-01 00:15:25,233.7643497604081,1.7312000224783364,352.840455477174,0.9245905600791486
2024-01-01 00:15:26,229.66056040715924,1.7106453140145057,351.99916827577783,0.9317556063845225
2024-01-01 00:15:27,230.82758463438043,1.64784922643808,339.28794522165555,0.9408590973488755
2024-01-01 00:15:28,229.53546134015153,1.475094187519448,302.6812551492804,0.9425943016952484
2024-01-01 00:15:29,230.15142657591366,1.569326595129575,318.37386790502194,0.9053572732936932
2024-01-01 00:15:30,230.01203336087215,1.5166277615659676,307.5921317358594,0.934150389114425
2024-01-01 00:15:31,230.8966481319463,1.6693596578844516,339.37288501307705,0.9539364813981847
2024-01-01 00:15:32,232.33061507109434,1.691775780851866,342.640200848811,0.9297087446511486
2024-01-01 00:15:33,233.29478799520666,1.6715819409745138,337.75625703284845,0.9320029430990221
2024-01-01 00:15:34,230.61924016381835,1.4828363173559793,300.79737575764705,0.9389464087011185
2024-01-01 00:15:35,231.1790937720712,1.27725610721128,251.36061851782304,0.9323586226039404
2024-01-01 00:15:36,227.69827098162887,1.3678077350876652,264.84645219755174,0.9134261014853164
2024-01-01 00:15:37,229.82424651516877,1.6804110976227102,344.7145024058738,0.932447313860975
2024-01-01 00:15:38,231.88057892976718,1.492323529875296,294.93794823126944,0.9521729820004456
2024-01-01 00:15:39,231.73193727683432,1.4520390640635865,294.8405055041343,0.9103649574011193
2024-01-01 00:15:40,230.4232194655901,1.6865072081435963,342.26839012923705,0.9229756948181356
2024-01-01 00:15:41,231.7727879191359,1.6443587883399668,327.7263049823259,0.9018896889056408
2024-01-01 00:15:42,230.98153341798763,1.5163655880741143,313.4011774186983,0.9473872965939737
2024-01-01 00:15:43,232.40061251651863,1.4811385104571615,295.8565870318113,0.9257304328296703
2024-01-01 00:15:44,230.5787183139142,1.4943103836892186,308.11100203102257,0.9095723834102561
2024-01-01 00:15:45,229.28860336885793,1.5277649743625905,311.1179727881366,0.9274015542183555
2024-01-01 00:15:46,230.67168251386605,1.6630705581749516,330.6975213435216,0.9004454430225276
2024-01-01 00:15:47,224.13881124829445,1.5438206127576983,296.7337004596127,0.9027903373315903
2024-01-01 00:15:48,230.7657714727701,1.5731771925581868,314.3203154171537,0.8931822346487028
2024-01-01 00:15:49,222.70317434957045,1.6169950851638686,313.25874531236775,0.8999561000143517
2024-01-01 00:15:50,226.55307318518916,1.383088125312263,270.19217922286833,0.9473276082058059
2024-01-01 00:15:51,230.90353720188196,1.5760234441742493,327.49828038491546,0.9043903282555436
2024-01-01 00:15:52,230.9550586745336,1.4720553116400885,292.8856719689344,0.9272319809202515
2024-01-01 00:15:53,227.67514243972013,1.2513700392725027,254.00261029721042,0.9000194617325556
2024-01-01 00:15:54,228.57579591624213,1.292120966391014,253.3951936294452,0.9307576917799636
2024-01-01 00:15:55,232.74108197722828,1.4055735765732695,294.09811006522506,0.8938507097092985
2024-01-01 00:15:56,229.03193973685464,1.5634417153935147,308.40412587620403,0.9139463423378072
2024-01-01 00:15:57,234.48584062480597,1.5251171430956239,311.51579784083947,0.9129926442139601
2024-01-01 00:15:58,229.9961602936473,1.5360720141994442,310.1638389556146,0.957250261999298
2024-01-01 00:15:59,230.81607235376254,1.7171043607039458,339.2686653613597,0.9220462079236221
2024-01-01 00:16:00,233.23374879699722,1.3999479103455585,290.87303863298814,0.8963084887309948
2024-01-01 00:16:01,230.26205423238684,1.5294277982007782,304.18059765269317,0.9205820490514057
2024-01-01 00:16:02,227.9953120386184,1.5683911002966653,313.76850192600494,0.9483450113512804
2024-01-01 00:16:03,229.78054509661143,1.470553097038061,296.5050050820406,0.8716755246622973
2024-01-01 00:16:04,229.9287785276198,1.5536962329211,314.4179070566865,0.8860919268735807
2024-01-01 00:16:05,227.27051669559688,1.3979954617078072,270.94613740588966,0.8968638621839331
2024-01-01 00:16:06,229.48833585731836,1.7065445001642845,336.1890744284808,0.8919075497480217
2024-01-01 00:16:07,228.51561581200514,1.5053850814072656,295.17593788315025,0.8922292705752042
2024-01-01 00:16:08,231.84871551437487,1.7851004905829129,358.0428143426024,0.8714227759152312
2024-01-01 00:16:09,230.06922374837052,1.587539946529778,313.10392261047707,0.9241978255077705
2024-01-01 00:16:10,229.43440850170487,1.702823887843332,350.092538468968,0.8662664251892755
2024-01-01 00:16:11,229.78763613875483,1.6043145252025868,322.808971046049,0.8893031890019875
2024-01-01 00:16:12,230.44624403681235,1.6165823286070615,328.2702154738421,0.9128022089079386
2024-01-01 00:16:13,231.23362839937957,1.5716414067520275,315.3997455767395,0.8898497068215773
2024-01-01 00:16:14,228.00057554266124,1.6527098281685266,325.50071008165327,0.8694233362575401
2024-01-01 00:16:15,227.91682473475745,1.6837052441217495,335.8376200211073,0.8605858870320596
2024-01-01 00:16:16,232.20935843080505,1.584931334363374,318.24657593764914,0.8814983203089661
2024-01-01 00:16:17,229.17532625559053,1.662637112506002,330.42715548262163,0.8694877013528598
2024-01-01 00:16:18,227.16631581480624,1.6262369531991117,322.3752217536794,0.8872543503809647
2024-01-01 00:16:19,230.88762541876622,1.9296274909449254,389.9639463150165,0.8536339540847993
2024-01-01 00:16:20,,,,
2024-01-01 00:16:21,226.9385694854866,1.8798903153336695,367.3903659819716,0.8809773730679531
2024-01-01 00:16:22,230.4589634309272,1.7190712449650678,346.41527766060517,0.880954007669459
2024-01-01 00:16:23,231.47116618485674,1.7780868153926888,352.9162253306449,0.9044630051669891
2024-01-01 00:16:24,230.74877290341252,1.6337910521026304,327.0433913299271,0.8653634164743211
2024-01-01 00:16:25,231.2639629675228,1.7352208406017864,355.4925670953094,0.8580748923483428
2024-01-01 00:16:26,227.1914618038185,1.8151996091143179,354.1355654342111,0.8601022738521672
2024-01-01 00:16:27,,,,
2024-01-01 00:16:28,229.3947604810591,1.8453763264560472,368.64159813343855,0.8661556664494772
2024-01-01 00:16:29,229.03441968255072,1.9763352695569973,385.9188522749604,0.8498128687055068
2024-01-01 00:16:30,231.74111121883945,1.9169813999504912,398.33251571648077,0.824412920340205
2024-01-01 00:16:31,232.95854902134846,2.0307391851905687,411.8996743567455,0.8521001735825954
2024-01-01 00:16:32,233.58874010920073,1.8773157911832814,389.93022245929615,0.8689561056334643
2024-01-01 00:16:33,232.6296157430118,2.137578608721638,433.0253642263818,0.8629226927332859
2024-01-01 00:16:34,229.78053163673962,1.8654532549345402,384.43784784731037,0.8826240317001968
2024-01-01 00:16:35,230.7054403260527,1.852868192959423,369.55507729010793,0.8961759566974803
2024-01-01 00:16:36,,,,
2024-01-01 00:16:37,230.24235589859893,2.193853335103983,448.5160641766765,0.8815783573864201
2024-01-01 00:16:38,230.26152837582308,2.058379758132524,411.0151441741288,0.8676926406878805
2024-01-01 00:16:39,231.64750626375238,1.9587303395357114,393.9408265696569,0.8849837680908245
2024-01-01 00:16:40,229.88143470794813,2.132759856813606,441.12680097701895,0.8862312897135486
2024-01-01 00:16:41,228.54142612725266,2.092334217641041,419.7416170065878,0.8666661485729608
2024-01-01 00:16:42,229.17105386832827,2.23586187918938,453.1973484665131,0.8601996583902364
2024-01-01 00:16:43,231.26782075546748,1.9001112087856242,387.65736946220864,0.8403975924587684
2024-01-01 00:16:44,230.0059865823999,2.0439496127893833,419.06376192746717,0.8421070285625173
2024-01-01 00:16:45,230.68041995373667,2.039754986379762,420.2276007589674,0.8346103110693147
2024-01-01 00:16:46,,,,
2024-01-01 00:16:47,229.2503170742048,2.222812707564179,440.6484421679653,0.8238334469450868
2024-01-01 00:16:48,231.5124963272596,2.104961293175563,414.7816734612702,0.8328591222042256
2024-01-01 00:16:49,230.7576852069168,2.221054631568454,451.3914760579927,0.7880219768955681
2024-01-01 00:16:50,227.53037382617705,2.398013959995261,486.2975178847282,0.8680349744579082
2024-01-01 00:16:51,232.8846095823725,2.141497582128816,435.14825586245286,0.8276155440029702
2024-01-01 00:16:52,228.99851051248618,2.1493171612586632,422.41520355871245,0.8395929429854443
2024-01-01 00:16:53,226.68980931362964,2.217720274937005,434.5658393879457,0.8580981874751235
2024-01-01 00:16:54,227.90991258082738,2.3187966355097656,462.68109202475165,0.8334146425058166
2024-01-01 00:16:55,227.95790967864335,2.177401238201825,442.66703981838094,0.8547675476001104
2024-01-01 00:16:56,230.10434663731507,2.1847457890475876,431.62875980979936,0.799523774154784
2024-01-01 00:16:57,229.45229898890753,2.367085448978299,478.28716443328426,0.8707902520095447
2024-01-01 00:16:58,229.32633606471882,2.3124968322197876,470.7451493691214,0.8430758213651117
2024-01-01 00:16:59,231.23940393096495,2.083155150691428,431.99648017556746,0.8240156445019418
2024-01-01 00:17:00,230.67975072238542,2.1777997360696437,429.9496019759774,0.8468386096132264
2024-01-01 00:17:01,230.63209574128857,2.462876746577896,509.1260376504722,0.7934775737333077
2024-01-01 00:17:02,230.81965691465737,2.3650512742158885,480.43234125241395,0.8095994097547412
2024-01-01 00:17:03,231.23226933600446,2.260423221641381,464.3174588067744,0.8427867036985262
2024-01-01 00:17:04,225.7840933164451,2.331053659596155,448.78273282838956,0.7750993962225622
2024-01-01 00:17:05,229.27112349547107,2.3605262320482674,473.7168078501841,0.8221979359035806
2024-01-01 00:17:06,225.63957987102106,2.443528995953787,485.8178846214408,0.8201901192324088
2024-01-01 00:17:07,230.07211985359558,2.244516948681006,446.86311816171406,0.8474989192637186
2024-01-01 00:17:08,229.99073405555131,2.306260274031251,462.303481997176,0.7750334464111179
2024-01-01 00:17:09,232.09106454957936,2.4272770441829237,494.46008985925516,0.837474023981825
2024-01-01 00:17:10,232.37526878544224,2.39922916302893,489.2961617991847,0.7926918807002519
2024-01-01 00:17:11,230.40555009650473,2.475225444158607,485.95352134889924,0.7935523895746671
2024-01-01 00:17:12,228.9992778452062,2.3035027236037298,459.9667328931888,0.7766755077190027
2024-01-01 00:17:13,230.97032222509148,2.470158989190349,491.05292515921343,0.7779936449598011
2024-01-01 00:17:14,228.94416472535138,2.551167966821505,523.234701120724,0.8064686335828796
2024-01-01 00:17:15,229.9972146971133,2.497818296302122,516.3693963334916,0.7748117939794177
2024-01-01 00:17:16,231.97227263392153,2.469730765284264,495.55622071669984,0.8105374402010752
2024-01-01 00:17:17,228.88445730802115,2.4524640917281175,482.04812474376456,0.7811591571190291
2024-01-01 00:17:18,231.611357278485,2.3843437511036982,475.4658891552912,0.7688582541046318
2024-01-01 00:17:19,231.3548027373846,2.4659432689244802,498.55971561234884,0.7812772480552223
2024-01-01 00:17:20,228.09041636573835,2.603960572852763,530.8178086305196,0.7972964416711075
2024-01-01 00:17:21,231.9477882564348,2.470461805858109,501.39192045151964,0.7837587794906137
2024-01-01 00:17:22,231.397132690743,2.3972824145035645,473.05200149039007,0.7887485843500749
2024-01-01 00:17:23,230.20385177474532,2.440455898589205,478.65238701305293,0.8007623654541497
2024-01-01 00:17:24,228.4753530839447,2.512699692002455,494.50359974802296,0.8072760793044143
2024-01-01 00:17:25,228.28158796284885,2.4577106796923203,500.53442754690604,0.7782310769635122
2024-01-01 00:17:26,228.92467484619397,2.5455507694565345,513.4365346794076,0.762370069556803
2024-01-01 00:17:27,231.08518892658392,2.5507721889686534,517.6204757723385,0.7836144111112286
2024-01-01 00:17:28,228.0887496651972,2.58836106311362,511.23523300714044,0.7903602968408862
2024-01-01 00:17:29,230.87502449723974,2.6423002218117984,546.8843453186344,0.7506046373547515
2024-01-01 00:17:30,227.51648894224323,2.5995177981803845,512.5116778636924,0.7608961492943488
2024-01-01 00:17:31,229.5918628311223,2.4060018043309315,492.5997701911538,0.7632313568350027
2024-01-01 00:17:32,230.21929550914803,2.4080726850083973,496.06084201653937,0.7723833082647942
2024-01-01 00:17:33,234.89026029011782,2.489357022311027,511.147781741057,0.7602618746070278
2024-01-01 00:17:34,227.24536868895927,2.449833769752215,498.0995115154566,0.7885845722864462
2024-01-01 00:17:35,232.94402913298026,2.378646822333375,478.64655694622934,0.7413209598884584
2024-01-01 00:17:36,,,,
2024-01-01 00:17:37,230.82234383603193,2.4386279907559616,480.93204925124286,0.764762566185604
2024-01-01 00:17:38,,,,
2024-01-01 00:17:39,230.88945363639047,2.446179872584527,486.2149830880888,0.7404417899349861
2024-01-01 00:17:40,229.69262979127598,2.5907335591417358,507.67897837956815,0.7564765468005875
2024-01-01 00:17:41,,,,
2024-01-01 00:17:42,229.08705771155056,2.708932507791058,537.570926879059,0.7589598047252439
2024-01-01 00:17:43,232.2644691443585,2.4725468937012964,505.0699956792725,0.7690012181327175
2024-01-01 00:17:44,228.71126575957396,2.4197840031660482,483.01403184672836,0.7518905910566485
2024-01-01 00:17:45,229.87949630719743,2.4420550289678067,485.6419610085766,0.7938584383159017
2024-01-01 00:17:46,227.85607489541957,2.4597058154729297,504.16642020092536,0.7732665146113832
2024-01-01 00:17:47,230.91004744069505,2.4695681001469603,511.49899193302326,0.746582224245547
2024-01-01 00:17:48,232.89025191385306,2.6252790503709003,523.5328480005068,0.763858352842041
2024-01-01 00:17:49,,,,
2024-01-01 00:17:50,229.60622860259218,2.4854140672932274,503.5803300124328,0.7848152173919073
2024-01-01 00:17:51,227.77076607386414,2.4106387304364265,486.8490765520113,0.7478225334002118
2024-01-01 00:17:52,,,,
2024-01-01 00:17:53,226.81441148055694,2.4464964763619386,492.37117316874475,0.7593530356671425
2024-01-01 00:17:54,228.17424402656235,2.485417861616318,485.56241581172526,0.787723971169365
2024-01-01 00:17:55,230.45357209221828,2.26181246867253,451.7040948632578,0.7831099134374155
2024-01-01 00:17:56,232.6380263954828,2.3351680123162066,481.22162196739924,0.7606540112026637
2024-01-01 00:17:57,235.618421722459,2.1517252790584243,446.79882142605317,0.7509141532700367
2024-01-01 00:17:58,228.8268298298582,2.186259039056964,446.1752718344374,0.7657604812978418
2024-01-01 00:17:59,232.87060031329088,2.4045132701192964,477.26123848765013,0.7515112280666799
2024-01-01 00:18:00,230.4875049608033,2.240343215219665,443.417992556585,0.7882416698248857
2024-01-01 00:18:01,229.69750470650726,2.163095618966342,423.53376144877575,0.7557437816684556
2024-01-01 00:18:02,230.8651889034523,2.283642351831898,453.19575535075603,0.7456240470528898
2024-01-01 00:18:03,230.12383296735993,2.1949179379321455,429.44565259663176,0.7441308928282975
2024-01-01 00:18:04,230.22079145122444,2.1862957206358216,440.520348468423,0.7286726551185361
2024-01-01 00:18:05,229.18333367434667,2.2932986480514823,460.63168286614996,0.7636986953636286
2024-01-01 00:18:06,227.2037806804023,2.0889641642262258,419.0399205933168,0.7358254987940815
2024-01-01 00:18:07,226.91274959495584,2.100169784959876,414.24360879078654,0.773871046417544
2024-01-01 00:18:08,231.30648976656246,2.1914947191215086,430.952208233882,0.7257559657541939
2024-01-01 00:18:09,229.44659981982858,2.2582341624342326,457.8811656176836,0.7538903806757414
2024-01-01 00:18:10,228.80782220068767,2.270156340779124,442.925118835671,0.7741052775964731
2024-01-01 00:18:11,230.0170112534463,2.064736701129285,424.25416102062394,0.7078355381811476
2024-01-01 00:18:12,231.58986450583126,2.2097534819146456,435.57269933146347,0.7910499481292025
2024-01-01 00:18:13,230.36072788605279,2.0222598597895463,408.3279372870132,0.7420076201912705
2024-01-01 00:18:14,228.68789012671806,2.2678538751501756,464.0427053369736,0.7531884900737336
2024-01-01 00:18:15,232.4525859112979,1.9563304904476764,399.5580677489212,0.7616734328920123
2024-01-01 00:18:16,233.15837100596326,2.1869612647816545,448.9339152926837,0.7646695332760335
2024-01-01 00:18:17,230.9891133106457,1.9728171069178597,402.87486155882453,0.7555517965916041
2024-01-01 00:18:18,231.94732702268817,2.2241046979708163,441.6512528272466,0.7699736550626411
2024-01-01 00:18:19,232.4839199936276,2.066203956610504,424.51568799117763,0.7603839149917461
2024-01-01 00:18:20,,,,
2024-01-01 00:18:21,231.22819835422524,1.9234262644810556,399.70208609057215,0.7604762187076242
2024-01-01 00:18:22,231.19669409414976,2.038085670958711,410.95714462413736,0.7893730013108331
2024-01-01 00:18:23,231.039321146693,2.0495889769270565,410.66206535216014,0.768177169145338
2024-01-01 00:18:24,227.8053246509059,1.9216649606659002,388.58933211136474,0.7141405510193138
2024-01-01 00:18:25,231.40144631371916,1.9176847314341523,389.2369269036268,0.8026022033746002
2024-01-01 00:18:26,227.2883720577469,1.9736223182665558,387.0652973639678,0.7390424682145028
2024-01-01 00:18:27,228.4108010897499,1.89563594218271,371.76324361781747,0.7806139987204755
2024-01-01 00:18:28,232.6071301356162,1.737890815744974,347.0496700295582,0.7514372798488452
2024-01-01 00:18:29,,,,
2024-01-01 00:18:30,232.9747965793717,1.860732044759698,372.1655968804041,0.7376017895782714
2024-01-01 00:18:31,229.4566512326254,1.943991495660441,379.59230518801803,0.7641578068256443
2024-01-01 00:18:32,227.69550231744645,1.9694401024087644,382.3356707703799,0.746874945648819
2024-01-01 00:18:33,229.5191256058593,1.8713832346998294,385.0606259547089,0.7838388787386619
2024-01-01 00:18:34,230.20406259448114,1.8079518647137256,355.2865023156312,0.7613763801136324
2024-01-01 00:18:35,230.15797743268,1.8401147716746518,361.53919364966737,0.7716901251467712
2024-01-01 00:18:36,232.2673609575134,1.684800810670315,341.45365106134807,0.7100819547912698
2024-01-01 00:18:37,229.27745914999312,1.7226408209931987,340.5585774879156,0.7520681259982572
2024-01-01 00:18:38,230.70406894360585,1.642297722961744,340.289553837125,0.7624304643757299
2024-01-01 00:18:39,228.0227457011308,1.586855361169483,324.0447645764467,0.7591552379556026
2024-01-01 00:18:40,230.90063455608762,1.7323881232861098,348.1031469893392,0.7743931338469722
2024-01-01 00:18:41,230.0062171003713,1.7051854677531184,342.17246827269884,0.7483623757167381
2024-01-01 00:18:42,228.50037332343098,1.7433098642521572,346.06618065036054,0.7571899689909817
2024-01-01 00:18:43,,,,
2024-01-01 00:18:44,229.63164850696955,1.6756061452917708,332.69033733352694,0.7117773319912934
2024-01-01 00:18:45,229.4596897413258,1.695912929751064,333.158986600544,0.7697409602019589
2024-01-01 00:18:46,233.54268248453536,1.6252478824204997,324.5728460751887,0.751901825471356
2024-01-01 00:18:47,229.80310799538424,1.660436249081892,335.0378922320101,0.7409813105302834
2024-01-01 00:18:48,229.51220777964534,1.5365398187362929,301.49794351597694,0.7666291276634917
2024-01-01 00:18:49,225.80509808477973,1.6365181045483628,316.005843312962,0.7851400927785226
2024-01-01 00:18:50,228.21158529604105,1.657178127213322,330.54536836026494,0.7820888495292307
2024-01-01 00:18:51,229.4738531510873,1.5145617556911224,303.1052867736531,0.7593405241625393
2024-01-01 00:18:52,228.62829464764673,1.5783200409343083,309.2045925715572,0.7803161397817058
2024-01-01 00:18:53,232.7634151867556,1.5028051965645808,297.4061724404158,0.7809427507012753
2024-01-01 00:18:54,229.67012444920755,1.5049729529893867,297.1352815783355,0.7626353833846621
2024-01-01 00:18:55,232.5768884986365,1.4380258711837235,288.2285721832818,0.7513437597179206
2024-01-01 00:18:56,230.12340926810074,1.6704355108148394,342.12639525758385,0.7533441948414306
2024-01-01 00:18:57,230.07445567284316,1.6442163548975033,338.8635140270153,0.7836701815600268
2024-01-01 00:18:58,229.822407104575,1.5856377843301668,317.14944178791905,0.7669549383883271
2024-01-01 00:18:59,230.0075925032429,1.7238229815693087,345.0480182226554,0.7477792927892445
2024-01-01 00:19:00,233.43759000609973,1.5028554569867985,310.69725210893444,0.7359308219021998
2024-01-01 00:19:01,225.36077854649756,1.820605326061606,361.6101654371357,0.7872096994968506
2024-01-01 00:19:02,225.99690851112265,1.4908019167105917,289.48112522785596,0.7606021108702646
2024-01-01 00:19:03,228.91365833788777,1.5356805101279227,300.700349315238,0.7791294220664008
2024-01-01 00:19:04,230.02905576387514,1.4674735957798246,294.3133785029435,0.7983189284823143
2024-01-01 00:19:05,231.38020884952803,1.5420609254002788,313.3586273156719,0.7483683121880597
2024-01-01 00:19:06,,,,
2024-01-01 00:19:07,229.23150817423885,1.4900600957732322,295.3420672027171,0.773232591282669
2024-01-01 00:19:08,232.0380873864835,1.6781734389191523,336.9468443217843,0.7853184742361174
2024-01-01 00:19:09,232.06039080630546,1.5239595398331927,305.22346331327867,0.8036018101706899
2024-01-01 00:19:10,230.36811566254312,1.5271301964768054,307.1366290597709,0.7533421479063408
2024-01-01 00:19:11,231.9253151449737,1.409712787646831,288.58176449152273,0.7924570229038994
2024-01-01 00:19:12,230.54529052686425,1.5434866920644075,311.530205859314,0.8028384458328395
2024-01-01 00:19:13,228.87703394643424,1.4897506065179866,293.25877429981045,0.7796440788648151
2024-01-01 00:19:14,231.395633678,1.4443367179896671,285.80140805601445,0.7818027861043765
2024-01-01 00:19:15,230.22122624515737,1.430009447761341,293.3644985399127,0.7941169837026899
2024-01-01 00:19:16,230.00267969350898,1.777815793622131,357.3664787260289,0.7938564773268152
2024-01-01 00:19:17,232.94590714437913,1.4877577207373383,295.65878084265904,0.7998348970710996
2024-01-01 00:19:18,,,,
2024-01-01 00:19:19,227.16463165968085,1.452651379193516,293.7585593123973,0.7710493095884877
2024-01-01 00:19:20,227.62585914725125,1.5222105639740149,307.5437656928784,0.8117666695973809
2024-01-01 00:19:21,229.27347870486238,1.5873947720471102,325.2929578854278,0.8165839213311832
2024-01-01 00:19:22,229.49078366046794,1.594030044252577,321.95556747453156,0.7982708510612668
2024-01-01 00:19:23,226.9853487044539,1.6124900213031172,318.8492923934897,0.765980717505046
2024-01-01 00:19:24,228.02968393537836,1.4870703582582376,295.4652711927569,0.7948969106231177
2024-01-01 00:19:25,228.27831664295286,1.592771258626892,312.58274414265276,0.8024209860552075
2024-01-01 00:19:26,234.9148481841518,1.4787280119583586,306.57246134826795,0.7769946189865238
2024-01-01 00:19:27,233.6034838954943,1.5124048084486097,310.6429057487951,0.7940499947960641
2024-01-01 00:19:28,229.1765011646307,1.4910538243121174,293.1032944627701,0.7744435403312294
2024-01-01 00:19:29,229.27283341938642,1.4728535649245829,301.98628142320365,0.8161666439027625
2024-01-01 00:19:30,227.7015920056234,1.70738448136785,337.6205857828743,0.8087411330544141
2024-01-01 00:19:31,226.18373917354947,1.6794899795586797,323.8370464671435,0.7739186007682669
2024-01-01 00:19:32,229.76623962718296,1.718345270312139,342.0677315309902,0.8152864597620827
2024-01-01 00:19:33,228.00429603351193,1.6350346826588946,333.08960077078456,0.8085601917760009
2024-01-01 00:19:34,229.83029893667597,1.7195732094151814,354.0480427991514,0.8214618203231737
2024-01-01 00:19:35,226.79958830191305,1.4769063251089893,292.93072003711734,0.8047556492527231
2024-01-01 00:19:36,228.47605108337947,1.7508295983667501,359.1471188733579,0.7980187136818798
2024-01-01 00:19:37,230.29725419060566,1.6940498192718594,348.6878926819681,0.8001022923571105
2024-01-01 00:19:38,230.73241919556787,1.7511855211036917,360.1189220653021,0.8062351798838415
2024-01-01 00:19:39,230.83494391748403,1.738921361451738,358.4477876910983,0.8188626362290568
2024-01-01 00:19:40,227.35902203168592,1.6149534387126738,319.10883989052303,0.822940637044618
2024-01-01 00:19:41,231.70937146027111,1.5768777660614466,324.39058371233284,0.8176698176543353
2024-01-01 00:19:42,228.3995766067963,1.6687691184497282,334.9767632973171,0.8145276145891269
2024-01-01 00:19:43,231.2657158292146,1.8100159251886083,370.8682271817974,0.8174824005607227
2024-01-01 00:19:44,229.9787226467636,1.8363264858366344,362.72271270332345,0.8761877174376231
2024-01-01 00:19:45,227.2472250018441,1.6445461233108354,331.32753482352484,0.8121473938658492
2024-01-01 00:19:46,229.36760459083763,1.6974694276413884,349.5844892180672,0.8179366736997179
2024-01-01 00:19:47,230.73072748412753,1.7376967494939308,346.866522039733,0.8965125758954297
2024-01-01 00:19:48,231.2259307609492,1.7889184403829315,371.99368379465744,0.8405999223182576
2024-01-01 00:19:49,229.71802420511116,1.7032457151313862,339.9785923922537,0.806128606795229
2024-01-01 00:19:50,233.0635577812021,1.7122060746370327,343.1799249272211,0.8521345468730604
2024-01-01 00:19:51,232.0150215419731,1.7873319969370682,354.81287788946815,0.8186362430657594
2024-01-01 00:19:52,229.48669176720048,1.8933740868072402,386.38199280031057,0.8565777200804334
2024-01-01 00:19:53,231.50024362427388,1.7820362987469145,362.10499621393143,0.8357395792690336
2024-01-01 00:19:54,233.86758697037638,1.903961103372147,385.3214616894092,0.8327277227878103
2024-01-01 00:19:55,233.92096920156607,2.0369258914243735,419.5034387423201,0.8752738475832931
2024-01-01 00:19:56,227.544000238355,1.816489884566315,358.1950605436531,0.8559871901989593
2024-01-01 00:19:57,,,,
2024-01-01 00:19:58,232.96983757346771,2.0804806237853994,432.8920487206357,0.8564983561398001
2024-01-01 00:19:59,227.88343789832473,1.951886998106002,392.94242488968814,0.840482480817366
2024-01-01 00:20:00,227.35491773341664,1.9520619646802335,394.1573661332166,0.8631700237021639
2024-01-01 00:20:01,229.0276117386019,2.141484297289717,431.19916324170225,0.8766985742664603
2024-01-01 00:20:02,230.84045341894918,2.0101954603034087,417.431408290672,0.8567797374204679
2024-01-01 00:20:03,229.7952065867778,2.1669058026187873,429.26332312304595,0.8916875298589112
2024-01-01 00:20:04,228.69887275918882,2.114937699803696,417.4745878725006,0.8742327264545307
2024-01-01 00:20:05,228.65157507655098,2.053270388921343,401.23372697719697,0.8630291540581473
2024-01-01 00:20:06,228.57532587117458,2.1509511082591493,431.5255028506411,0.8653835835066722
2024-01-01 00:20:07,228.24098074268213,2.1503524750170064,432.23056559764893,0.8646603880744745
2024-01-01 00:20:08,234.56326575455213,2.2356044020900234,464.76644282786816,0.8384497194426469
2024-01-01 00:20:09,230.5950221423711,2.093758266417491,418.48653503134693,0.8632285729406866
2024-01-01 00:20:10,231.77351810880947,2.1676433371815085,427.3498662101525,0.8710055561230945
2024-01-01 00:20:11,229.02184506376216,2.1721395341645615,438.57297259540286,0.8598078381385005
2024-01-01 00:20:12,229.6280866456279,2.2632981600488833,467.7112446761956,0.8764263174161712
2024-01-01 00:20:13,228.5728920372593,2.1047671271453154,416.0140802511882,0.8716373045065543
2024-01-01 00:20:14,224.6965833301616,2.3231796821012027,448.50974259124786,0.8882181314064146
2024-01-01 00:20:15,227.24398144630428,2.282092990488409,448.1092156721168,0.8875340626607189
2024-01-01 00:20:16,,,,
2024-01-01 00:20:17,,,,
2024-01-01 00:20:18,227.6092820514038,2.499354138123898,493.4136358809846,0.9146313643912141
2024-01-01 00:20:19,232.64991135876326,2.389095463492209,490.18591498412945,0.8774803839482466
2024-01-01 00:20:20,229.9111276645913,2.4442923731123414,487.3692826292177,0.8801942810986662
2024-01-01 00:20:21,232.58112752464234,2.322514929802898,469.8441901189786,0.876447542459117
2024-01-01 00:20:22,230.82196515380176,2.1599010266831877,424.76759409574385,0.8750074515773182
2024-01-01 00:20:23,231.5651176514303,2.1533911050819845,446.7393384741682,0.917125981957681
2024-01-01 00:20:24,228.19820600939084,2.3747292816077796,471.64737495358236,0.915425891887801
2024-01-01 00:20:25,231.04790190838534,2.3010961395597302,460.6370153121595,0.8980437455781951
2024-01-01 00:20:26,231.4574284681487,2.279553413108216,450.7581731220424,0.8884470756495383
2024-01-01 00:20:27,228.84670541553263,2.375086883659874,479.2360929279366,0.904410612924194
2024-01-01 00:20:28,,,,
2024-01-01 00:20:29,231.13237551714965,2.2556467635927744,444.22281278189257,0.8910546522584124
2024-01-01 00:20:30,228.90089475773982,2.3652258877081684,464.12451625822,0.9030202127995035
2024-01-01 00:20:31,227.754463135458,2.5698867118537234,501.791814653878,0.8888224982605362
2024-01-01 00:20:32,227.63174333620344,2.3197429822716593,464.7415439917696,0.9040667296931597
2024-01-01 00:20:33,230.17301108384294,2.5221980281134986,520.2012734740382,0.904469546727148
2024-01-01 00:20:34,230.65401973757864,2.3942689810672735,481.4984302046962,0.9137950882241896
2024-01-01 00:20:35,228.41494833908416,2.5044042108498785,496.0704644391729,0.8906920902847358
2024-01-01 00:20:36,230.0531706826522,2.5661959962044882,524.4134404646804,0.9186029096020306
2024-01-01 00:20:37,231.14107407227698,2.5367789079131255,520.171140850408,0.8875858699324778
2024-01-01 00:20:38,231.2363814293306,2.5592971398657633,510.33376453950734,0.8955589241229056
2024-01-01 00:20:39,233.10376024024498,2.358489576512869,471.7277683423946,0.8977158328316724
2024-01-01 00:20:40,,,,
2024-01-01 00:20:41,227.9974171344869,2.3975066710299604,485.82975222921397,0.9311322268677823
2024-01-01 00:20:42,233.36717241907604,2.5125804451687346,518.7783776559406,0.8926778784602082
2024-01-01 00:20:43,228.93804699088858,2.515820451491195,508.7474564075812,0.899305220584645
2024-01-01 00:20:44,232.08974562490886,2.5413936022394656,525.8178356963294,0.9396006909972481
2024-01-01 00:20:45,230.1359732521022,2.528975626397639,502.7716336875848,0.9042739437125662
2024-01-01 00:20:46,229.17570124308605,2.4128083027467246,479.40500481442655,0.9130995818518635
2024-01-01 00:20:47,226.38460628045013,2.363620744370271,455.95701409373856,0.8977821795264449
2024-01-01 00:20:48,229.65687097956732,2.5867679808118456,530.7634328300483,0.9358253072934599
2024-01-01 00:20:49,226.8812335293888,2.518548725602165,502.34007605542763,0.9372274487974486
2024-01-01 00:20:50,231.93459847168555,2.614841207887824,524.5414670766509,0.9361807217345671
2024-01-01 00:20:51,233.0335853142785,2.4948746482170936,496.19904897391046,0.9332438449976195
2024-01-01 00:20:52,228.40617802140662,2.3577826341552637,477.23126473269,0.9250385709117814
2024-01-01 00:20:53,230.60394148503855,2.593370913798944,530.7241287899723,0.914134625941224
2024-01-01 00:20:54,228.54921695598404,2.4576890295222538,496.1571918835937,0.9093597134087082
2024-01-01 00:20:55,,,,
2024-01-01 00:20:56,231.54898940773074,2.4244527567658305,502.8056904703485,0.942972754714101
2024-01-01 00:20:57,229.92292347631317,2.6501387952987137,540.8745111637758,0.914790715907745
2024-01-01 00:20:58,233.479296083862,2.39408225109072,493.5066007799968,0.9304141401783017
2024-01-01 00:20:59,229.03553504259415,2.443549973627567,493.9261657770882,0.9245562432294873
2024-01-01 00:21:00,231.99867266494897,2.48312053297542,515.7177169459785,0.9089154747437201
2024-01-01 00:21:01,230.19482682591556,2.3577734994268065,486.5269807935177,0.9359337361463218
2024-01-01 00:21:02,231.59155601948848,2.4941984287926857,508.19306066124346,0.9249515285369678
2024-01-01 00:21:03,229.1056846853401,2.6160367161822906,521.9330678720039,0.9150707576451015
2024-01-01 00:21:04,229.90088232489683,2.399049317929564,478.8427782998118,0.9053781725474144
2024-01-01 00:21:05,229.76900224140212,2.4804170227610323,507.77509403581126,0.9045031024953232
2024-01-01 00:21:06,228.32788577030843,2.158330855930055,434.7693580475833,0.9291478129072824
2024-01-01 00:21:07,231.32416306916352,2.4213251107687306,478.2582317438736,0.935650216222103
2024-01-01 00:21:08,231.30049801115672,2.385437379729453,472.9125027433003,0.920600305200768
2024-01-01 00:21:09,231.18710938981113,2.3260037403838747,481.2841608274948,0.9518535550593449
2024-01-01 00:21:10,233.0739313078353,2.506707534955163,522.4492744931383,0.938238339200779
2024-01-01 00:21:11,232.89868960247261,2.356253380544859,492.5698509086042,0.9517753627251528
2024-01-01 00:21:12,229.25011062030174,2.361061101292829,471.6617107820092,0.937245540113635
2024-01-01 00:21:13,230.74610463686835,2.330646451129056,478.2023626933142,0.9258050510303932
2024-01-01 00:21:14,228.75279862148358,2.1658771437511692,441.6501128476559,0.9444507924179966
2024-01-01 00:21:15,230.04671063222912,2.2331998588378057,444.7885503205107,0.9175132240740944
2024-01-01 00:21:16,228.80050110176228,2.4310054277923414,476.82492369332937,0.9541308463422664
2024-01-01 00:21:17,233.2401406182721,2.1120677581066745,443.2838392715643,0.9251513996062446
2024-01-01 00:21:18,230.72739630068594,2.2342788884081934,438.9618620571839,0.9627881518559906
2024-01-01 00:21:19,229.56394174379116,2.258478880228634,456.18041471244055,0.9381601830886441
2024-01-01 00:21:20,232.38723714371275,2.460058705350911,504.5191795839668,0.9666623192045344
2024-01-01 00:21:21,225.65876918040917,2.3495202978278713,468.73526952613884,0.9234179710161581
2024-01-01 00:21:22,225.97179481026942,2.2036369195435346,429.63043822945497,0.9327501484158319
2024-01-01 00:21:23,231.59167731043954,2.3762431857505226,487.62533088538174,0.9543355632790241
2024-01-01 00:21:24,230.12093689623472,2.1579352682024453,427.4712234317853,0.9705142408023042
2024-01-01 00:21:25,230.50089260052152,2.3188626927304883,476.48097650778516,0.9807999286825044
2024-01-01 00:21:26,227.3472077933629,2.0678155416192516,404.74574605224177,0.9486344525969995
2024-01-01 00:21:27,229.95353257829927,2.2965783715497396,467.28710546059875,0.9848772641505921
2024-01-01 00:21:28,234.00701882080267,2.134001589632774,444.02636013378174,0.9426200482999253
2024-01-01 00:21:29,231.64839923959173,2.056954399577529,409.51820473971054,0.9706553731866469
2024-01-01 00:21:30,230.33941309028563,2.1231224659748804,421.5021964326549,0.9300787100590282
2024-01-01 00:21:31,229.12189217979014,2.1574601693712645,439.42953370436777,0.957544217364166
2024-01-01 00:21:32,229.2108542962612,2.065011680699563,404.3598927010222,0.9024997377965749
2024-01-01 00:21:33,225.74160422159997,2.1545295492678775,418.0509044717079,0.9270706361613786
2024-01-01 00:21:34,230.51528084184233,2.0253845538338315,407.4837369135358,0.9589802748259036
2024-01-01 00:21:35,231.69096621696372,2.1301882565364765,442.4679185335672,0.923517633344069
2024-01-01 00:21:36,226.84876134565877,2.0967729741623975,417.6656687077481,0.9584004336248919
2024-01-01 00:21:37,228.67716621538636,2.030806300143981,403.74103620198485,0.9680609708726747
2024-01-01 00:21:38,227.68507073553315,1.9770717611264987,404.64791947858055,0.9399510902962807
2024-01-01 00:21:39,228.06929761038248,2.0206545060405046,402.40691629501623,0.930619428094739
2024-01-01 00:21:40,230.1069632536438,2.044810801179503,410.15058515089174,0.9405110501271563
2024-01-01 00:21:41,225.83119569002304,2.180260433199188,428.64927996720235,0.9306501343900568
2024-01-01 00:21:42,231.22854087671413,2.0523432561517385,410.78370003862585,0.947889018051073
2024-01-01 00:21:43,231.50771013986736,2.0403619990593325,409.1978565517389,0.9518773333676226
2024-01-01 00:21:44,229.49779482392617,2.2360325561980203,453.8385391319238,0.9436128924945903
2024-01-01 00:21:45,,,,
2024-01-01 00:21:46,228.0071627479952,1.944713480082505,392.0134825980694,0.9350663012938407
2024-01-01 00:21:47,232.4658038682054,1.9513306528899212,390.1384970799784,0.9771068187552098
2024-01-01 00:21:48,224.44401143854284,1.7648301903502528,344.2990787715735,0.9282526280138486
2024-01-01 00:21:49,229.30495317561295,1.8062669111676408,355.09277623910623,0.9503077513761307
2024-01-01 00:21:50,227.63999844306548,1.7851179657593994,356.640526503445,0.9722646806761788
2024-01-01 00:21:51,231.60914060316966,1.8857363798170474,387.1680432575004,0.9709557350223911
2024-01-01 00:21:52,228.64977209571308,1.7889744684122673,354.94488223736573,0.9396251681078621
2024-01-01 00:21:53,,,,
2024-01-01 00:21:54,231.1309208383382,1.8865592658815797,375.57415267862723,0.9557848203865903
2024-01-01 00:21:55,233.67245167946004,1.8501620458071115,385.1669317359151,0.9361917989608471
2024-01-01 00:21:56,,,,
2024-01-01 00:21:57,230.7520887392452,1.669627228514749,342.40295709008626,0.9834273463042195
2024-01-01 00:21:58,227.02988904174512,1.8369276995291883,361.3879965265824,0.9551692934915025
2024-01-01 00:21:59,232.3808271265875,1.787836076351394,357.060532535448,0.9565965402123827
2024-01-01 00:22:00,228.47898230385726,1.5371540481662505,311.29809082489083,0.9582231148102238
2024-01-01 00:22:01,228.87849167182452,1.6540956612135287,330.6681329965147,0.9150476767611894
2024-01-01 00:22:02,229.9555044103016,1.6899046983911565,330.92017573294265,0.9529356137352527
2024-01-01 00:22:03,226.8742313093203,1.739500904565318,354.3927054611125,0.9228366902421614
2024-01-01 00:22:04,230.45754005785787,1.741227139423195,344.0516019155611,0.9307918926195755
2024-01-01 00:22:05,231.93493254585002,1.6675521861481213,335.5833110305533,0.9852233487840124
2024-01-01 00:22:06,,,,
2024-01-01 00:22:07,226.82220487164255,1.6245444084780747,322.2276565759127,0.9259027940483455
2024-01-01 00:22:08,229.75238141134068,1.5407908812168696,314.80269197560443,0.9630851246610103
2024-01-01 00:22:09,231.48405780595897,1.5724820025998822,309.51468203526565,0.9203848933319773
2024-01-01 00:22:10,226.24402246806818,1.5913364734342126,322.81172276516384,0.929672945830224
2024-01-01 00:22:11,,,,
2024-01-01 00:22:12,231.75308720816304,1.3837632932388229,287.83094961678245,0.9379769895821698
2024-01-01 00:22:13,230.54019086839457,1.5246434751270057,313.1331358227519,0.905107482006752
2024-01-01 00:22:14,230.8239431642535,1.5625139217388289,323.29774849072135,0.9464156755498188
2024-01-01 00:22:15,233.7189896152466,1.521695635394518,312.98905869288797,0.9267819001571219
2024-01-01 00:22:16,230.93710555701242,1.518534238587058,304.3481776293957,0.9646626599214311
2024-01-01 00:22:17,,,,
2024-01-01 00:22:18,235.42149105443664,1.4234486799395023,295.8695229585778,0.9531370485204785
2024-01-01 00:22:19,229.57239088381903,1.3632957023738317,272.7097468848354,0.9667194091399768
2024-01-01 00:22:20,228.40423447276302,1.486506619965084,301.0167839666292,0.9132594471829671
2024-01-01 00:22:21,230.85559279649428,1.5934315834065942,314.36403039556967,0.9254670871164694
2024-01-01 00:22:22,230.8779820587778,1.6819491103821353,346.19149301035736,0.936137295475904
2024-01-01 00:22:23,228.94656921610758,1.5880611936001403,312.7559448261983,0.9102319627145279
2024-01-01 00:22:24,227.9352059608903,1.3601607614870284,278.1567789861696,0.931779753286105
2024-01-01 00:22:25,,,,
2024-01-01 00:22:26,230.65368694077605,1.5283915496702518,301.92648130490494,0.919406120083366
2024-01-01 00:22:27,228.53542923719584,1.5190936369097265,309.1845270785542,0.9242253903056099
2024-01-01 00:22:28,,,,
2024-01-01 00:22:29,229.78170969687733,1.4083211931326687,287.0188495475436,0.9243485344026904
2024-01-01 00:22:30,229.49423710736434,1.5066068380018427,310.4994836393399,0.9079800751050212
2024-01-01 00:22:31,231.12454574382897,1.5427250759320714,307.9005901064622,0.9077215725020418
2024-01-01 00:22:32,227.41623546353662,1.5843334010089243,321.1498738349658,0.9153046616528608
2024-01-01 00:22:33,230.70525440783433,1.4227601902702016,284.7801723136856,0.9156159521922821
2024-01-01 00:22:34,233.8259096154635,1.4708726632846385,301.58024310199716,0.9065523827631721
2024-01-01 00:22:35,230.93235532439462,1.2375515355104962,249.28950430950158,0.9206102917737264
2024-01-01 00:22:36,229.24757579243308,1.4488181566253118,282.4144934010654,0.8766225540056254
2024-01-01 00:22:37,228.9857894391435,1.4620370160340492,294.18393164809635,0.8970792142897479
2024-01-01 00:22:38,229.1793200533098,1.4165138370312136,288.0736803491751,0.9048454974767854
2024-01-01 00:22:39,229.49207464390443,1.5395029706315841,303.3916714686474,0.8920623362027136
2024-01-01 00:22:40,229.24438693448346,1.5222879501688638,312.8858479995711,0.9404945686440965
2024-01-01 00:22:41,231.83262288214914,1.3073682325945706,265.6649713726843,0.9069995108119305
2024-01-01 00:22:42,226.53358179358204,1.560708591954054,303.6709409836255,0.9088553482917443
2024-01-01 00:22:43,231.72400010082427,1.452648807334151,296.99329013726856,0.8943393583873194
2024-01-01 00:22:44,229.24062694971488,1.600822545736858,315.44905743497446,0.902359073952027
2024-01-01 00:22:45,230.75389557139076,1.4312832682070604,281.7822325908831,0.8770272531978384
2024-01-01 00:22:46,227.74602417959827,1.570118976547216,316.20313872694646,0.8965809737292005
2024-01-01 00:22:47,232.65726213369888,1.5468795489600995,307.9007609623911,0.8798697943517265
2024-01-01 00:22:48,232.49126992034374,1.6140032793862724,320.94828191473954,0.8916825339175377
2024-01-01 00:22:49,231.91918105150015,1.605071283475958,330.18187678371436,0.8446412518684713
2024-01-01 00:22:50,226.97049044841293,1.5763960584286587,305.11363376250233,0.8718771750577834
2024-01-01 00:22:51,231.6582421421321,1.457989422197728,300.7671668649465,0.922302448152996
2024-01-01 00:22:52,,,,
2024-01-01 00:22:53,226.78945750573487,1.5737773626338165,305.9019768074498,0.9165465417466592
2024-01-01 00:22:54,229.95140523245837,1.642162993346548,330.76251982456074,0.9164760404665412
2024-01-01 00:22:55,230.72906897806652,1.593343789575055,314.26224474591714,0.9007276600611126
2024-01-01 00:22:56,231.1121505476463,1.728209015284817,352.13135357514966,0.8767476298733992
2024-01-01 00:22:57,230.3545227338977,1.6496152241412532,324.1925371952794,0.8635882334691595
2024-01-01 00:22:58,230.58246283369476,1.5932040876020275,329.6086407891844,0.9057879136232676
2024-01-01 00:22:59,232.94722278450618,1.6743703045739573,335.58508939978475,0.8826560360184468
2024-01-01 00:23:00,232.45206781982137,1.7375346978550026,357.10034018873154,0.9297490413657351
2024-01-01 00:23:01,224.26589009243452,1.7604875591599585,338.12729678383033,0.8710631570238494
2024-01-01 00:23:02,229.36512289032464,1.929156074204155,380.7460755898282,0.9163125594737945
2024-01-01 00:23:03,229.6706979449121,1.6880018439342004,338.2731882315639,0.8722016997864004
2024-01-01 00:23:04,226.49580285454607,1.761361661994073,350.53144825469457,0.9005351428536233
2024-01-01 00:23:05,230.18836611646464,1.8253671572335735,378.1365730525789,0.9062187592908207
2024-01-01 00:23:06,232.497515544821,1.7946723103891533,355.20922019284296,0.8502911756461194
2024-01-01 00:23:07,227.82686428081882,1.7614131580007366,341.1089598034535,0.8595103373889516
2024-01-01 00:23:08,230.67280187737975,1.67119585887243,334.42783235128195,0.8470060945887029
2024-01-01 00:23:09,228.16835304540712,1.7898564932318533,354.6070214834937,0.841517806381509
2024-01-01 00:23:10,228.65617595264064,1.7485452106402621,357.51191059712994,0.8779050696681016
2024-01-01 00:23:11,232.95478726834008,1.6983726229170342,354.3503200971047,0.8590746047844336
2024-01-01 00:23:12,228.91488435977635,1.8067106479107424,369.754021443835,0.8624947256482532
2024-01-01 00:23:13,230.92442497802125,1.796926942712965,355.681804886768,0.871009581577959
2024-01-01 00:23:14,226.25756376787803,1.9754695224479362,389.13000349397595,0.8211720205313179
2024-01-01 00:23:15,233.72463512278975,1.9927367079686942,413.25877359504375,0.8824879807820067
2024-01-01 00:23:16,231.205304892613,1.857842806610332,371.8256422167574,0.8482020131479964
2024-01-01 00:23:17,229.63500031469948,1.9378622249912245,393.0079228012272,0.8642618779226265
2024-01-01 00:23:18,231.1510930199998,1.7937508510381612,357.3496466171474,0.8644571714093445
2024-01-01 00:23:19,227.18036114210437,1.945851328496729,382.8988494500345,0.8778874041039134
2024-01-01 00:23:20,232.36506148350531,2.050898377323226,425.5757525189857,0.8468027669515442
2024-01-01 00:23:21,229.35203044900715,2.1091979732325354,417.24568486591033,0.8048558790461275
2024-01-01 00:23:22,229.59186096990314,1.9710770929428736,406.4816873980556,0.846900553796453
2024-01-01 00:23:23,229.01668877006904,2.1632030364310912,428.6843533357108,0.8482025596880719
2024-01-01 00:23:24,228.83869719450882,1.9220267938810758,374.37641462122764,0.8219350616942435
2024-01-01 00:23:25,231.38934122325682,1.9643389387403865,392.1409973682756,0.8440037709758372
2024-01-01 00:23:26,230.51181370020845,2.175485617210578,430.54661608543256,0.8322694777137273
2024-01-01 00:23:27,231.30349628280607,2.2869460142188975,463.0368487411396,0.8110732517619258
2024-01-01 00:23:28,229.98241062102886,2.18437317097308,429.8435403243998,0.8497994944715177
2024-01-01 00:23:29,231.02639962215437,2.1460584226659853,436.94635932874775,0.8235401257913786
2024-01-01 00:23:30,229.16230251214992,1.9454887042737277,398.46069980866076,0.8251356272652112
2024-01-01 00:23:31,234.4594636828191,1.9775137859119478,402.5038347869405,0.8224643510495049
2024-01-01 00:23:32,226.864139167139,2.2072732803491575,429.8571259253742,0.8548827322156141
2024-01-01 00:23:33,232.52187464712597,2.172907920390666,439.5669335380811,0.8278169661735236
2024-01-01 00:23:34,232.73581490144196,2.112306348002922,437.187369827621,0.8286846916604897
2024-01-01 00:23:35,228.29568238806883,2.243398617671003,450.4812492110489,0.8167630332234457
2024-01-01 00:23:36,234.45854722111196,2.262080018039476,453.4915314513258,0.83331218616525
2024-01-01 00:23:37,231.99098056589062,2.358482463138427,479.7706682249646,0.8495267120819995
2024-01-01 00:23:38,231.94227801364582,2.290914262363963,464.0919812708919,0.8339898508932283
2024-01-01 00:23:39,230.05604437405177,2.4130327386170265,480.94238835943946,0.8332694116171666
2024-01-01 00:23:40,229.56554768356264,2.3036453001288755,452.4248089778282,0.8301636393833562
2024-01-01 00:23:41,229.58118234592078,2.303665821674168,475.49101637209907,0.7889490390560977
2024-01-01 00:23:42,230.78106119263904,2.4336725888135224,482.3424085420442,0.7975546325300431
2024-01-01 00:23:43,232.8023725500678,2.241116060331029,448.5046217956813,0.809509003882188
2024-01-01 00:23:44,230.36262843572283,2.63178882432867,519.7390127006973,0.7976322014759712
2024-01-01 00:23:45,228.17711275372542,2.3989076641988802,480.8749451291028,0.7894088207971134
2024-01-01 00:23:46,231.64885412476997,2.4101456818462315,486.94656487795106,0.771815831940278
2024-01-01 00:23:47,231.84230149278957,2.434885645692598,486.8769380759125,0.7808986101665187
2024-01-01 00:23:48,231.30931905689556,2.5800252509554173,520.0799490747655,0.8012789463817306
2024-01-01 00:23:49,231.49099781304997,2.4811103481053483,507.5435260200033,0.8036119593688459
2024-01-01 00:23:50,229.45814373968437,2.2505050287867028,446.21066175748916,0.7877415544268772
2024-01-01 00:23:51,228.14202166573884,2.5601026611573636,523.1851898564981,0.8037947367604321
2024-01-01 00:23:52,228.26361313871843,2.3939962980828704,472.8632407382833,0.7921649639740391
2024-01-01 00:23:53,226.7290735030843,2.446708904751496,477.02592884521414,0.8212906540536158
2024-01-01 00:23:54,230.4738972230919,2.315544738284736,479.09306321457433,0.7948966902697349
2024-01-01 00:23:55,229.8331024335468,2.503128985922528,512.3224685107,0.8107186575724137
2024-01-01 00:23:56,229.12002459094057,2.3919649610371083,475.24278859647603,0.7995322909902474
2024-01-01 00:23:57,224.08876235130987,2.473261403498343,494.4129162472305,0.766116039175354
2024-01-01 00:23:58,227.50536506061167,2.4405189650124757,486.3495761807422,0.7910475327609061
2024-01-01 00:23:59,232.24168130280634,2.6666513323105088,537.148773216071,0.7668655629812491
2024-01-01 00:24:00,228.67074799987373,2.6771288716417385,546.0536180443634,0.78814740606414
2024-01-01 00:24:01,230.72118335531368,2.4878338559178177,509.4835614484165,0.7741537267409817
2024-01-01 00:24:02,227.2186291400495,2.4933826873104237,489.9994920035478,0.7954571759957441
2024-01-01 00:24:03,232.87741096471845,2.4529619205815125,502.88144226840006,0.7597477586698164
2024-01-01 00:24:04,229.71194467989065,2.6037437901723424,519.4412107783904,0.7856814719466546
2024-01-01 00:24:05,230.58008079296707,2.46260095803438,482.68258559158306,0.7956442952515613
2024-01-01 00:24:06,234.65155958376337,2.455219520615193,517.4090428360048,0.8011726955501162
2024-01-01 00:24:07,233.0328802011788,2.5965815186931005,530.9542613088774,0.7665787722273484
2024-01-01 00:24:08,229.38686875742587,2.445768635902478,493.65997634776613,0.7810753188750433
2024-01-01 00:24:09,228.81355963025928,2.496205818276895,502.622749491074,0.7832785217706656
2024-01-01 00:24:10,229.34890997696093,2.341739104906331,471.3008111819654,0.8094307794053204
2024-01-01 00:24:11,231.01979649695306,2.569684273743705,513.2100625327315,0.747771986212143
2024-01-01 00:24:12,229.78955173149825,2.692253781765733,555.9073866337064,0.7581048013769869
2024-01-01 00:24:13,229.20951170999305,2.5686993510131853,518.7557710112803,0.8313625629222116
2024-01-01 00:24:14,232.9343625014181,2.640675904622111,543.4728605959492,0.7687762843204433
2024-01-01 00:24:15,229.77158021644433,2.40731645221114,482.7410114680946,0.7354019825233973
2024-01-01 00:24:16,234.59917818607465,2.5125038139684617,509.50035686099784,0.7605734473915887
2024-01-01 00:24:17,230.18148512750435,2.39101717345051,469.5834820153734,0.715868786523432
2024-01-01 00:24:18,233.57063678844946,2.4585389469261334,498.16198460459464,0.7751059166506615
2024-01-01 00:24:19,230.71463884542126,2.5540435092086566,506.05525847169844,0.7855441366041626
2024-01-01 00:24:20,231.9259211464989,2.482040245789068,508.3585878248191,0.7501960523516423
2024-01-01 00:24:21,,,,
2024-01-01 00:24:22,228.29248155482517,2.329033885244278,459.9945384077662,0.7851247614429637
2024-01-01 00:24:23,230.91941191002996,2.3160743749870476,463.5042757359613,0.7307893280632501
2024-01-01 00:24:24,231.97710648493063,2.4965413194842014,511.6811261878741,0.7385249695925663
2024-01-01 00:24:25,230.08051300400092,2.64654883869222,522.1261302925852,0.759577850914469
2024-01-01 00:24:26,227.4272133298326,2.5687337153164633,523.7188230020604,0.7482984243438816
2024-01-01 00:24:27,227.27948326742134,2.2347906363597954,440.9740422324283,0.7566941518793084
2024-01-01 00:24:28,227.14572719562753,2.5579787754785452,496.81887242671075,0.7365444454402978
2024-01-01 00:24:29,226.46475577412124,2.500582423433772,486.29584298445985,0.7653754625504053
2024-01-01 00:24:30,230.21897071889418,2.2430815823688373,463.02344372568706,0.7573962314966134
2024-01-01 00:24:31,,,,
2024-01-01 00:24:32,229.97316842615038,2.487333452227041,505.1585102661767,0.7630388563224977
2024-01-01 00:24:33,225.4791704853243,2.4223445908974712,468.52479213723507,0.7625232739395286
2024-01-01 00:24:34,229.6184790793309,2.2255489185886996,439.33264594082607,0.7288445577226127
2024-01-01 00:24:35,229.6744020067348,2.406337689985597,494.0696571196385,0.7670265471410584
2024-01-01 00:24:36,234.19199750045087,2.119977391050314,425.68426841971063,0.749984325536811
2024-01-01 00:24:37,227.08572417416087,2.299579531063905,444.3610100392126,0.7527196925905425
2024-01-01 00:24:38,229.2186447948016,2.4234737670229127,486.10145317151404,0.7764901549866786
2024-01-01 00:24:39,233.41170536108913,2.2990279323772276,479.27485025026834,0.7406326986964844
2024-01-01 00:24:40,230.8999566826931,2.2345115938957845,446.9660673694796,0.7815650967615432
2024-01-01 00:24:41,231.12662614703285,2.360275857737151,467.1899771369734,0.7829744930941934
2024-01-01 00:24:42,230.22916887404776,2.355484248339653,487.5892506066227,0.7687079420454795
2024-01-01 00:24:43,230.65988707731452,2.3754259919957033,484.2679463383899,0.7336308994288367
2024-01-01 00:24:44,231.55521906055708,2.31802776502849,479.0691834099483,0.7091324102323925
2024-01-01 00:24:45,228.38102736221447,2.324674705365904,471.2408044551976,0.7740739251836826
2024-01-01 00:24:46,231.7561171578164,2.275557875566227,466.6800459939908,0.7543879613038653
2024-01-01 00:24:47,227.25399396622893,2.214349865709343,437.4128869963593,0.7369435084895047
2024-01-01 00:24:48,230.6567359456631,2.1820923633257285,435.9794046135877,0.7750301445161577
2024-01-01 00:24:49,230.35748192657266,2.1345889132866747,435.58783919626336,0.7340634729341999
2024-01-01 00:24:50,228.76741382361578,2.0220950837173475,409.778237658337,0.7425716767377084
2024-01-01 00:24:51,,,,
2024-01-01 00:24:52,228.7549196946689,2.0847546830215147,418.92283994878034,0.7283763542279957
2024-01-01 00:24:53,227.85659734627652,2.1217385447666826,418.0560664657375,0.7482923906418603
2024-01-01 00:24:54,229.29277051677272,2.22621537698814,446.38095122724724,0.7721229296336753
2024-01-01 00:24:55,227.79202272925667,2.062414045213332,413.74742957749316,0.7544451921246266
2024-01-01 00:24:56,230.64559492818648,2.1513352621288484,432.35368222206006,0.7750789384092974
2024-01-01 00:24:57,227.69982901169527,2.1432626947342364,434.12192781478467,0.7727345592394149
2024-01-01 00:24:58,231.4239540459821,1.9964950429223995,406.23690072648805,0.7501740619300239
2024-01-01 00:24:59,227.63704186414236,2.063397935998403,399.4715327891654,0.7032659443063447
2024-01-01 00:25:00,228.86741016883798,1.9638614216144248,394.8504181568927,0.7278915005256391
2024-01-01 00:25:01,228.75079318356964,2.1047247688954265,424.49150475161383,0.7653044997536258
2024-01-01 00:25:02,232.65029345774968,2.0204196223081956,421.0545186376823,0.7190883490311605
2024-01-01 00:25:03,230.6605798912332,1.8221536629925357,365.9485081844828,0.7436397607286964
2024-01-01 00:25:04,229.5765323949112,1.9417793382110566,391.7234318485967,0.7570481151538121
2024-01-01 00:25:05,230.99743888213945,2.074936394455872,418.7926765068464,0.7797994365848535
2024-01-01 00:25:06,225.78561530534063,1.8765891644498085,371.4141365366048,0.7390617459510722
2024-01-01 00:25:07,229.9137328207182,1.9241748708007165,377.52383969014176,0.7378710622658113
2024-01-01 00:25:08,233.99502835560952,1.9188014848618682,401.78507672705643,0.7498950929117658
2024-01-01 00:25:09,230.26469301280534,1.745495683344585,359.9330442934326,0.7581899244742627
2024-01-01 00:25:10,230.13582633833866,1.8853221521868262,380.68775556936896,0.7483387941815764
2024-01-01 00:25:11,231.0962567592844,1.6801249636489324,340.83470841150967,0.7726855099180385
2024-01-01 00:25:12,231.7912104866287,1.7423814913818854,344.4506618782765,0.736017956781136
2024-01-01 00:25:13,226.00506661422028,1.8981443113857985,377.4674432610081,0.7547289466361016
2024-01-01 00:25:14,226.63534703641795,1.8120826432367978,357.8919272140415,0.7615790004826241
2024-01-01 00:25:15,230.4205825821723,1.732015113089869,353.37682128123197,0.7450431459698541
2024-01-01 00:25:16,228.57024687620498,1.7933995306702173,349.39597449631526,0.7702390022325108
2024-01-01 00:25:17,232.62405052443984,1.7292829365997113,356.2304200064577,0.7568448230503871
2024-01-01 00:25:18,229.36965122022954,1.7233502405273033,341.66183746739335,0.7700871586616634
2024-01-01 00:25:19,226.13093852857375,1.7748490075841161,354.224071462815,0.7586605523752786
2024-01-01 00:25:20,227.463972166312,1.6237924495802591,325.53272164335704,0.7627983054590114
2024-01-01 00:25:21,224.50064796073886,1.6882247216426107,326.4551440226804,0.7431375192546781
2024-01-01 00:25:22,229.5317489254342,1.6409380962158409,328.4450437739159,0.7437083299673002
2024-01-01 00:25:23,229.62323174547123,1.5019022702038667,307.550216262228,0.7813732396887474
2024-01-01 00:25:24,229.15107458043622,1.5570501417460227,314.08350241944953,0.7701800626474817
2024-01-01 00:25:25,232.1577580780595,1.7948961184776913,355.62635930853645,0.7376179473756503
2024-01-01 00:25:26,232.3970396730334,1.6658850948563408,337.64828585831225,0.7623246193962561
2024-01-01 00:25:27,229.65922315328777,1.4847592894479944,295.1558919120596,0.7118844776721716
2024-01-01 00:25:28,225.7306126650463,1.4531662744943268,289.34425917748456,0.7485562297530346
2024-01-01 00:25:29,231.23456316098452,1.5864569469496836,323.08957209977365,0.7799528405667013
2024-01-01 00:25:30,231.11072045701715,1.744661060316011,342.9380242727969,0.758948676781342
2024-01-01 00:25:31,,,,
2024-01-01 00:25:32,231.96295949861624,1.7022085169190833,350.12967098053565,0.702627993190195
2024-01-01 00:25:33,227.67034380707793,1.5988155503737336,323.3934506509379,0.7558949023334907
2024-01-01 00:25:34,234.0175107723703,1.603292513663663,320.02512572182803,0.7713110804177848
2024-01-01 00:25:35,228.08114449371627,1.4155788589622373,279.3388811060626,0.77467820037986
2024-01-01 00:25:36,231.49844585440172,1.6363320229324405,329.96616867013597,0.7854671855183486
2024-01-01 00:25:37,226.6253046111733,1.5029672181957767,292.5804487953837,0.7628832768062755
2024-01-01 00:25:38,228.1394706254599,1.617108273812881,321.34827965407646,0.7646641538002753
2024-01-01 00:25:39,233.03273729345068,1.4441841448475055,287.2577612333836,0.7422440178095101
2024-01-01 00:25:40,229.4782003539983,1.5385768352755682,302.10804719389097,0.7657250655627379
2024-01-01 00:25:41,231.6798452102656,1.5518162681426435,317.616479156835,0.7455329291719575
2024-01-01 00:25:42,230.4739107774385,1.4974342323512242,297.88253924881604,0.7347755318531441
2024-01-01 00:25:43,229.79008368799964,1.5499949261775614,315.4166384752702,0.7510171812290415
2024-01-01 00:25:44,232.72770064986537,1.4800880509621313,293.61743266846196,0.8039013877447306
2024-01-01 00:25:45,229.5266823506962,1.4394964220639745,290.1383465944161,0.769342224399878
2024-01-01 00:25:46,226.43852378487307,1.6631149589555607,327.47514888734685,0.7801953390722768
2024-01-01 00:25:47,228.39351981609659,1.6061175285445715,326.4203349325424,0.7665905367757213
2024-01-01 00:25:48,231.1023834574034,1.4242841146272345,292.68423246881673,0.7421301755444163
2024-01-01 00:25:49,230.79101821272502,1.55685693422601,312.1593979145454,0.7977619897898935
2024-01-01 00:25:50,226.86588349952913,1.4258804537825462,285.03297402784915,0.7367118217586872
2024-01-01 00:25:51,228.5513149611836,1.3823094973366918,272.13381568898836,0.7701932385451183
2024-01-01 00:25:52,228.83655730159552,1.605281693174115,322.90560519453476,0.7813470723432512
2024-01-01 00:25:53,229.26906081177154,1.333105629517464,261.035780843613,0.7882161269644229
2024-01-01 00:25:54,227.2481728227969,1.5983064869546937,316.6230739889993,0.7702603041780144
2024-01-01 00:25:55,228.74325778376104,1.482942348561956,291.4302851640654,0.7492299345483521
2024-01-01 00:25:56,228.54277902948095,1.4901394222262672,304.5187554699807,0.7711825758247629
2024-01-01 00:25:57,231.54306651952385,1.5558314835660279,314.21929164936824,0.7734600687506594
2024-01-01 00:25:58,231.6182426219805,1.5770177791695736,321.2656543670347,0.774219350818959
2024-01-01 00:25:59,229.70837908382236,1.4407803814511515,287.27901401365153,0.8103432823950573
2024-01-01 00:26:00,229.21592040825854,1.6001748639724422,317.0630231530589,0.7679455311297629
2024-01-01 00:26:01,230.27984862407823,1.5451928365744492,306.0629712003413,0.7995269194961684
2024-01-01 00:26:02,228.36684978508885,1.414164271559156,289.2303699345401,0.7979769747355324
2024-01-01 00:26:03,227.70633583566513,1.5291509167488047,309.886342794209,0.8153374662029199
2024-01-01 00:26:04,228.11955758214856,1.6910832357676386,330.4741876257941,0.7947963632027051
2024-01-01 00:26:05,228.73037367205708,1.7278734037279277,350.69048299776784,0.8146252326439245
2024-01-01 00:26:06,227.67305240041546,1.6396418094226595,325.1188414105847,0.7967144680311158
2024-01-01 00:26:07,230.32411911812574,1.4569925049715866,285.50177884915286,0.81021528867709
2024-01-01 00:26:08,231.4594313475674,1.6336262631589085,331.3897401814107,0.7728491556007815
2024-01-01 00:26:09,226.8258033984035,1.6786007763052002,326.1132331259234,0.7515345858999061
2024-01-01 00:26:10,230.05025742243205,1.6754361506064879,331.6651366168255,0.8132545416158333
2024-01-01 00:26:11,229.56012840946732,1.6911037636351962,343.4890005457285,0.8157416645942964
2024-01-01 00:26:12,230.68301737107362,1.659060316550398,330.2301158125159,0.8180530373450905
2024-01-01 00:26:13,229.9741224637928,1.6259911371521758,334.5209523648055,0.7994795681285778
2024-01-01 00:26:14,227.09280144013672,1.5832563014210037,317.4283340303241,0.841217775867226
2024-01-01 00:26:15,227.47522140228568,1.4655117677987703,297.2352897410058,0.8036804146486728
2024-01-01 00:26:16,,,,
2024-01-01 00:26:17,232.05756183949103,1.6973452659801753,351.91073563651446,0.8277071196235357
2024-01-01 00:26:18,225.571625257914,1.7466968089012669,342.0297351376244,0.8516702570943123
2024-01-01 00:26:19,230.69145315960316,1.5696894091747153,317.7394138332045,0.8124439977120383
2024-01-01 00:26:20,232.3792440105753,1.7807429593683963,362.41051834590763,0.807217577834618
2024-01-01 00:26:21,229.69394824758757,1.9347736276422725,397.8274158126885,0.791822714071213
2024-01-01 00:26:22,231.1004049920529,1.75050935565977,347.1976800590464,0.854344116135294
2024-01-01 00:26:23,228.5938618382044,1.7500972484173674,351.6152577882415,0.833242743599923
2024-01-01 00:26:24,229.76126760144624,1.8010042326237379,367.3400828393775,0.8353997173914054
2024-01-01 00:26:25,226.75817296338369,1.9874050227937925,391.39961951613617,0.8902023938791848
2024-01-01 00:26:26,225.31131338316226,1.6960870774490442,341.40267615428485,0.8359044837838465
2024-01-01 00:26:27,231.88553160245056,1.8332521829785502,369.2674741905711,0.8048975277073328
2024-01-01 00:26:28,228.0300101445511,1.7476301822015665,342.1885910867812,0.8285709576576745
2024-01-01 00:26:29,229.08894430999314,1.787730199402677,360.0766680178392,0.8145427792225187
2024-01-01 00:26:30,227.22711549345962,1.8524620452642908,366.64164240187034,0.8276743999701487
2024-01-01 00:26:31,227.18006059383225,2.0072846537655153,387.9591376975416,0.8290968748423201
2024-01-01 00:26:32,229.65232459981075,2.06790854454794,405.3233210617857,0.8269682521590123
2024-01-01 00:26:33,228.5408456117287,1.9479916831030037,382.7631442455541,0.8124059516936244
2024-01-01 00:26:34,230.7559419959894,1.8809816282641656,385.6368288741053,0.8736868990333325
2024-01-01 00:26:35,,,,
2024-01-01 00:26:36,230.6416992926492,1.9070386761492855,385.86605090132406,0.8404636161341806
2024-01-01 00:26:37,230.4772015818569,1.9083391495977313,376.17590267037434,0.8616959647452013
2024-01-01 00:26:38,233.15553640986377,1.8036511814177143,368.68856362773465,0.8575355587437725
2024-01-01 00:26:39,227.86481246191022,2.1364660133906117,434.6281380567677,0.8551994987488168
2024-01-01 00:26:40,229.89013026759417,2.1093958913009843,430.3620847633383,0.8649571940268597
2024-01-01 00:26:41,232.26537964103917,2.2700539424715496,455.8408468934132,0.8555071654104891
2024-01-01 00:26:42,232.52907961867606,1.9049951800917622,379.2657307071057,0.8678034390577672
2024-01-01 00:26:43,227.15647270131086,2.2053953082235207,448.3850636699568,0.8710307088420546
2024-01-01 00:26:44,229.37528911668826,2.0821636361209053,426.3528594089268,0.8607908163291214
2024-01-01 00:26:45,232.71624219173452,2.171257724499167,430.8509813241046,0.8546946691974456
2024-01-01 00:26:46,231.01615821039812,1.941278059386811,399.66613427202003,0.8912743843675444
2024-01-01 00:26:47,230.39052606295954,2.2681672574635487,446.7196029452237,0.8526696323988058
2024-01-01 00:26:48,229.56463061313067,2.2151941654278295,433.85977780786175,0.8716121500465078
2024-01-01 00:26:49,229.2323981485845,2.147700016119725,437.147873091101,0.8736188562333635
2024-01-01 00:26:50,230.57643812618065,2.2310010659316357,451.0481830848234,0.8547005520808619
2024-01-01 00:26:51,229.49525175003103,2.1046745748841276,420.5724987390763,0.8522821105801679
2024-01-01 00:26:52,229.91484275791112,2.1378353789750384,440.0053934191349,0.8629038130381497
2024-01-01 00:26:53,230.15719741223006,2.1637968047570566,444.21061872795036,0.8616738766509983
2024-01-01 00:26:54,228.643856943013,2.0390227669553416,397.62175737603786,0.8438876481302738
2024-01-01 00:26:55,231.06425874776286,2.3244041154175603,473.06832047964565,0.8615467103631596
2024-01-01 00:26:56,235.82848929683084,2.371085002491831,496.8853998101889,0.8814213543771263
2024-01-01 00:26:57,226.44602672134786,2.1952397321948554,436.2203524035779,0.9029296035763117
2024-01-01 00:26:58,230.64802504837996,2.313380800551921,479.76564805196926,0.8902055764532631
2024-01-01 00:26:59,228.4796198227622,2.2649176226100125,457.6154407402373,0.8286268860801712
2024-01-01 00:27:00,231.1548051550385,2.3369223022084475,461.975051483372,0.894935914651816
2024-01-01 00:27:01,230.09311494665573,2.2536600125427895,445.9102925578708,0.8724311383968051
2024-01-01 00:27:02,231.52370954808492,2.2400854731394335,462.26387174666615,0.8941318122118324
2024-01-01 00:27:03,232.35101315301756,2.445321286326251,511.26345200853643,0.8862548804281285
2024-01-01 00:27:04,230.38484223553635,2.345076561055685,461.8860677623426,0.8841421838606599
2024-01-01 00:27:05,232.26410457682834,2.564677137254049,509.318293627948,0.8874001882826805
2024-01-01 00:27:06,225.31140421242264,2.377741792879332,475.82104760335494,0.8904356409569619
2024-01-01 00:27:07,233.18090459583203,2.2907789628249335,455.7598173388143,0.9192013532030818
2024-01-01 00:27:08,230.75012430378467,2.5159780899023607,495.4680892280904,0.8933387260484934
2024-01-01 00:27:09,,,,
2024-01-01 00:27:10,227.56024851031697,2.484590829439122,503.2134709300192,0.9153346484530936
2024-01-01 00:27:11,228.33846023678933,2.539667522741867,518.4792971355558,0.911262674719006
2024-01-01 00:27:12,230.29187658828954,2.3636162331126025,480.37780055370047,0.8635627841851429
2024-01-01 00:27:13,229.96592422132508,2.424035247254477,482.8185040291859,0.9229890355163953
2024-01-01 00:27:14,230.56613717602,2.4270488493822215,501.0144153308569,0.8928470671036831
2024-01-01 00:27:15,232.16903032185994,2.322113628874337,466.30687328475227,0.9176555048817524
2024-01-01 00:27:16,226.4695593693943,2.431378003656852,475.6234088278702,0.8852129946150813
2024-01-01 00:27:17,231.94763814343463,2.5974715173599874,538.8075863257234,0.8822713614981709
2024-01-01 00:27:18,230.01656381991586,2.4932057290619203,506.97868235050987,0.9467959839033512
2024-01-01 00:27:19,229.5924362777509,2.3400403572829136,480.727472292984,0.8894097704183797
2024-01-01 00:27:20,227.0577695312302,2.323768232773128,452.5980940574762,0.9327383264716591
2024-01-01 00:27:21,231.00609733675373,2.65006192758509,549.5022688099986,0.9134365885345697
2024-01-01 00:27:22,225.17178429793793,2.478306851555516,491.4349374052069,0.9039026866150409
2024-01-01 00:27:23,231.29678802247741,2.425870737104123,495.673286419949,0.9126300275398576
2024-01-01 00:27:24,227.015788329054,2.466000927207237,501.43349484510696,0.888710542815102
2024-01-01 00:27:25,230.10691582523495,2.347970260702771,469.5273065927309,0.9156471849302253
2024-01-01 00:27:26,229.76166232534416,2.6398217969233673,537.3725531331106,0.8954410244096375
2024-01-01 00:27:27,232.33907629458776,2.459526758181795,504.0234947517575,0.9103439415072021
2024-01-01 00:27:28,229.6426896619722,2.636399195055979,538.4617804863207,0.9378989381647421
2024-01-01 00:27:29,228.61172287770867,2.505157607485846,512.4864706317659,0.9255997511029092
2024-01-01 00:27:30,228.9867946080576,2.6427851013255466,534.9658354167683,0.8919781021166561
2024-01-01 00:27:31,232.54576553750934,2.524847054253614,501.0568202584317,0.9397391599342059
2024-01-01 00:27:32,231.0725939383618,2.5833534501306072,512.8670652544458,0.923637329550524
2024-01-01 00:27:33,229.22874003695367,2.568300080459351,528.500655256326,0.913987324651659
2024-01-01 00:27:34,229.52710716007098,2.5565901065116954,527.2062525451875,0.9407977794153133
2024-01-01 00:27:35,226.8656458188291,2.526436407604894,514.9115926010018,0.9235346028135217
2024-01-01 00:27:36,230.7769484017031,2.4652541705141506,484.63206212911086,0.9045610113097274
2024-01-01 00:27:37,,,,
2024-01-01 00:27:38,231.5035929316709,2.390193815806271,491.3554937985449,0.9294615446457699
2024-01-01 00:27:39,230.25724318498254,2.4767778273891636,506.22001875235605,0.9291166688251195
2024-01-01 00:27:40,234.77390359914784,2.472824632062221,495.96522890931004,0.9235594064885059
2024-01-01 00:27:41,227.7997288925514,2.506103484029012,502.6537863223289,0.956157792801515
2024-01-01 00:27:42,229.79467581791874,2.4169753012117616,476.0643942849389,0.9229374854847302
2024-01-01 00:27:43,233.59657540184614,2.485006011230109,507.73068697413,0.9033914291536536
2024-01-01 00:27:44,232.38277928058284,2.4298079084238284,486.71556044385886,0.9215526254120779
2024-01-01 00:27:45,228.6075758968402,2.281216429108572,444.66404073999604,0.9624757983494523
2024-01-01 00:27:46,230.44793485674688,2.4326523431720988,478.75269573423276,0.9533758515552585
2024-01-01 00:27:47,230.00399871283017,2.3134995556872466,476.5319778351264,0.9324043757216001
2024-01-01 00:27:48,230.56391173478832,2.2415580701879416,458.5415230950924,0.9657196599774618
2024-01-01 00:27:49,228.60263912803035,2.4197145745322515,495.95223498734583,0.9539414728081657
2024-01-01 00:27:50,229.82135919459853,2.4454450718601235,490.9202652946872,0.9343569349429136
2024-01-01 00:27:51,226.80389524944658,2.4395641930385144,481.74105442477725,0.937054467601794
2024-01-01 00:27:52,230.27024690373617,2.4334669105753215,486.34353877206195,0.9476206414138155
2024-01-01 00:27:53,230.90004134684366,2.172974210163177,441.9401507597289,0.9250356860268927
2024-01-01 00:27:54,229.54516117471223,2.2192529023151026,441.9604978163432,0.9423800228941777
2024-01-01 00:27:55,226.76989821883043,2.541477178626553,511.38594504626593,0.9490538914951131
2024-01-01 00:27:56,,,,
2024-01-01 00:27:57,230.7290500759856,2.381741597773701,491.1718794063004,0.9402156602848902
2024-01-01 00:27:58,228.54796980459804,2.2397489351730506,441.32093048825595,0.9384654067083587
2024-01-01 00:27:59,229.43879910632387,2.303890473643386,463.2408258827215,0.9655890081473235
2024-01-01 00:28:00,226.99866119443632,2.2197859491597987,433.9347307597218,0.9086153550904245
2024-01-01 00:28:01,227.9491797444442,2.3261739781951083,451.70773046773695,0.9383292337069401
2024-01-01 00:28:02,228.9243773072857,2.2703390241511343,460.1696680253153,0.9367546200595216
2024-01-01 00:28:03,232.4568416245603,2.1982208372537864,448.3689895595763,0.9659976846715916
2024-01-01 00:28:04,228.72099321822506,2.124180704004537,430.5538246717059,0.9463079794616537
2024-01-01 00:28:05,231.28042731865753,2.2418970200628,443.00251989551066,0.9834594477807148
2024-01-01 00:28:06,228.92336759427684,2.079556895237515,428.34676063192404,0.9611163765088351
2024-01-01 00:28:07,,,,
2024-01-01 00:28:08,229.71720899571238,2.4343147528760505,488.32488012886176,0.9532617962159436
2024-01-01 00:28:09,231.74611320018548,2.291840387779697,474.45561282121645,0.9416490581803449
2024-01-01 00:28:10,228.93037732356288,2.2136603714097394,436.9297003117724,0.9661557836251292
2024-01-01 00:28:11,226.85494349999513,2.118126948227465,426.15173995248864,0.9225368917214097
2024-01-01 00:28:12,227.23610193727274,1.917549360030508,389.5315128901295,0.9328954147487887
2024-01-01 00:28:13,228.93624501211448,1.9638228551838284,400.4649954952025,0.9586470785121687
2024-01-01 00:28:14,227.5018800586439,2.208862766343641,447.5390203441834,0.9741877720525985
2024-01-01 00:28:15,,,,
2024-01-01 00:28:16,229.06846367028385,1.9794987845760637,404.0154762649151,0.9773669129001676
2024-01-01 00:28:17,234.74921310005286,2.0171982559459267,418.8590172312032,0.9471402179838347
2024-01-01 00:28:18,,,,
2024-01-01 00:28:19,230.40726635741962,1.8796804909880183,370.6008548657478,0.8899651653019272
2024-01-01 00:28:20,227.74409395298866,1.981595733856791,401.02051283473884,0.919403356409865
2024-01-01 00:28:21,229.01319731923465,1.8817891671569982,379.7887006399833,0.9495636402038992
2024-01-01 00:28:22,230.2828389466811,1.8811679314580054,379.47029268623146,0.9485817484023442
2024-01-01 00:28:23,225.3492572502514,1.86152255112318,375.5983016252361,0.9624810162652698
2024-01-01 00:28:24,230.47365223357605,1.9763091654301201,402.1858605574359,0.9387199094330726
2024-01-01 00:28:25,233.80581492454834,1.8853670709266974,383.4195848480821,0.9274168609838684
2024-01-01 00:28:26,229.0931234032628,1.8753192502555727,374.0710587279721,0.9411593692003085
2024-01-01 00:28:27,230.51961571361102,1.9375733712867573,393.1679480289728,0.949912172515916
2024-01-01 00:28:28,232.04984338625079,1.8484977947416352,380.9078419879748,0.9536497820202559
2024-01-01 00:28:29,229.67209299994602,1.8198349851066324,367.0645186952156,0.9330209317880068
2024-01-01 00:28:30,,,,
2024-01-01 00:28:31,225.4485271925565,1.8848635431266185,376.6432019737094,0.9358429439196972
2024-01-01 00:28:32,231.28198143878996,1.788790456510307,366.24667719058874,0.9305734177630378
2024-01-01 00:28:33,229.7736631805422,1.7972067497080604,368.1527803247899,0.9367926242057119
2024-01-01 00:28:34,227.97463229722368,1.6968234105527862,330.0176429271532,0.9687858318646695
2024-01-01 00:28:35,230.2531934205554,1.675012858217386,342.38388660424016,0.9442576446132324
2024-01-01 00:28:36,228.83263928638763,1.8243106617273739,365.5663187985934,0.9326239130284962
2024-01-01 00:28:37,228.94314773776895,1.7784544059763616,347.61082836396366,0.964613110255392
2024-01-01 00:28:38,231.21258231221742,1.766317143642835,361.00074223536575,0.9884989654702474
2024-01-01 00:28:39,227.3232351773523,1.7359756597116685,349.5717896477286,0.9493670644418204
2024-01-01 00:28:40,232.0946305721475,1.6999020430094747,345.6869605683429,0.9693561719423234
2024-01-01 00:28:41,227.20462767376318,1.7526154161779794,354.27661336996385,0.9648834086219611
2024-01-01 00:28:42,228.67459718328948,1.7644907941037662,349.02750718254794,0.9315083251853468
2024-01-01 00:28:43,233.84589238813317,1.7504334374442292,352.0642697981034,0.9435899517090841
2024-01-01 00:28:44,232.25470952328484,1.6379001199675725,330.01964952262693,0.9168195399208207
2024-01-01 00:28:45,230.19520798499087,1.775692210126612,355.82298903490266,0.9377619130751015
2024-01-01 00:28:46,228.11893956899758,1.6492126335106834,332.8752314945577,0.928704588957849
2024-01-01 00:28:47,228.9414553866002,1.6793469128638956,343.055249799071,0.9325157833674913
2024-01-01 00:28:48,230.1465506291714,1.6344400438470859,333.2956834881111,0.9248983380336057
2024-01-01 00:28:49,230.0750464646792,1.6214428777414087,320.34084740938613,0.9334548358990247
2024-01-01 00:28:50,229.81825814074807,1.5140763251857878,302.1395146741779,0.949119929197099
2024-01-01 00:28:51,229.93833497183164,1.649103270635341,325.3167123281964,0.9353420888756425
2024-01-01 00:28:52,229.57124978058977,1.8552302122346735,376.6454406701935,0.8996794465393892
2024-01-01 00:28:53,227.11604252872,1.525377941664893,298.770937244631,0.9212580033492852
2024-01-01 00:28:54,228.96697851567833,1.5625454357023718,313.5040296130748,0.9049846467418307
2024-01-01 00:28:55,231.82924810797368,1.5038531129171149,310.1446304212048,0.9394249719586467
2024-01-01 00:28:56,227.26333140489777,1.4931453722918482,299.82034530561657,0.9437603675814153
2024-01-01 00:28:57,229.62088897692144,1.6903185283526732,335.7030079625595,0.9379545666862467
2024-01-01 00:28:58,228.3604921424583,1.462961191944928,289.53040555057083,0.9161846403970682
2024-01-01 00:28:59,230.22270085879623,1.4776990017974758,300.28359874903657,0.9359586969544295
2024-01-01 00:29:00,229.22273363786636,1.3616756531605283,273.8831496507472,0.9206882124877326
2024-01-01 00:29:01,232.95478732994934,1.440455405766702,286.8441299714674,0.9063750869319909
2024-01-01 00:29:02,231.0131663083805,1.341646145197084,276.99139239889087,0.943007746593193
2024-01-01 00:29:03,227.3763936684456,1.5724177594508635,313.06482570599115,0.9435399491767151
2024-01-01 00:29:04,231.34245602322738,1.7864429749425121,361.06962403392816,0.9451484877097401
2024-01-01 00:29:05,228.45069628747586,1.4675288753148787,288.2957130699369,0.9129759773152047
2024-01-01 00:29:06,228.84600725724493,1.3357342508709846,265.5877580220125,0.9476840078452125
2024-01-01 00:29:07,230.62763804021424,1.5911148527039936,318.01838965185675,0.9131606282774862
2024-01-01 00:29:08,229.01650516053974,1.4276200645034591,282.33210624244623,0.9350197737941089
2024-01-01 00:29:09,231.7857116326459,1.6299385522228165,331.8452071274238,0.9106311978982603
2024-01-01 00:29:10,228.4509798769732,1.4719861827506857,293.6078042469894,0.915252013093208
2024-01-01 00:29:11,,,,
2024-01-01 00:29:12,,,,
2024-01-01 00:29:13,228.86872250328992,1.579481758330988,311.23679249620454,0.9180978621433378
2024-01-01 00:29:14,232.19838311109564,1.4831162623147371,294.4443197175142,0.9068900844924722
2024-01-01 00:29:15,231.2575925872206,1.4588282444222413,300.007616018813,0.9490137759123604
2024-01-01 00:29:16,,,,
2024-01-01 00:29:17,234.5352884077985,1.3880534923897678,290.77254055538765,0.9001692267269166
2024-01-01 00:29:18,,,,
2024-01-01 00:29:19,230.14083825465457,1.3452196916870196,267.0409233351797,0.8976554534296541
2024-01-01 00:29:20,227.64759936671314,1.4845146265217735,287.98663018125137,0.9282823368107638
2024-01-01 00:29:21,228.44478814450346,1.610365071333933,327.79497707466925,0.9359235544647652
2024-01-01 00:29:22,228.73983497948865,1.5706910817937627,315.83205986731724,0.8910419887624833
2024-01-01 00:29:23,227.88569025172345,1.6058320510130382,320.4538895647776,0.8892790142360065
2024-01-01 00:29:24,227.89622545420318,1.547156867899635,309.47723657229966,0.8792646436243182
2024-01-01 00:29:25,229.7114312429595,1.6779384177801282,332.49065146457053,0.9271880321956646
2024-01-01 00:29:26,227.5665631632272,1.6611697931580471,332.69446394440166,0.9221249090001264
2024-01-01 00:29:27,231.68425391827526,1.6214761147842334,319.8959452470422,0.8962154050648757
2024-01-01 00:29:28,228.16449292516498,1.6781967369400759,337.8372243566645,0.8690313394585821
2024-01-01 00:29:29,235.6191379401928,1.6694741874288932,348.8009056275337,0.8694267577722098
2024-01-01 00:29:30,229.0972310980712,1.5598758007648765,315.78448465677,0.8975680312856742
2024-01-01 00:29:31,230.1440352838341,1.4792139519871301,295.0206037640842,0.903726728246243
2024-01-01 00:29:32,227.40931763106792,1.6658034547349796,337.6465568446958,0.8499910453750403
2024-01-01 00:29:33,233.41218351625528,1.6889112320815542,349.1844075899643,0.8834515110649535
2024-01-01 00:29:34,232.23900136160583,1.7542458355703532,348.9070999045511,0.920797545792636
2024-01-01 00:29:35,230.59383174147223,1.562813332900228,309.8351035638767,0.8826258706761648
2024-01-01 00:29:36,227.30639490244087,1.5773885645514125,316.1897090320437,0.9153041110136784
2024-01-01 00:29:37,230.42133375544924,1.7259358476780329,343.79350441500577,0.897018795503739
2024-01-01 00:29:38,227.7571379079655,1.6850594436299529,328.50849316060857,0.860870397894387
2024-01-01 00:29:39,232.9247105269467,1.5161343918974115,302.9097172275292,0.8752126402885947
2024-01-01 00:29:40,231.61838946370634,1.7550474864124437,348.8922611295836,0.8769945848716212
2024-01-01 00:29:41,,,,
2024-01-01 00:29:42,225.12724867350536,1.6494874113125289,326.9203425134078,0.8571543792080194
2024-01-01 00:29:43,228.03316804268195,1.8928053280129804,370.68599474127865,0.9051687231193072
2024-01-01 00:29:44,231.37552226319974,1.9539886389093521,400.39553960427816,0.8539615677098159
2024-01-01 00:29:45,232.4257673834463,1.664024373520364,334.1820725659507,0.8935471242141929
2024-01-01 00:29:46,232.21833962298427,1.7669519383770855,355.16275418927603,0.8617129074322707
2024-01-01 00:29:47,226.81597399551708,1.8186521071249342,355.2340984662419,0.868388955762952
2024-01-01 00:29:48,230.60310461362582,2.0071946683754254,411.60775832866676,0.8785931076972106
2024-01-01 00:29:49,232.03103043296585,1.7946360557567325,373.93342933290694,0.8538352361732423
2024-01-01 00:29:50,226.6833288688355,1.8112397064942687,359.10164549285275,0.8756107823022217
2024-01-01 00:29:51,229.98419096925352,2.0289451831410465,397.6121470637817,0.8217668682836738
2024-01-01 00:29:52,230.54768479661692,1.8518626299917058,368.4636532377837,0.8699292407351928
2024-01-01 00:29:53,229.39847083030654,1.9769399499433127,389.06479690439187,0.8102013710007316
2024-01-01 00:29:54,226.2956762891976,1.772477840486217,357.84023007049285,0.8534695553787637
2024-01-01 00:29:55,229.34860377985254,1.918620060077826,375.894834188115,0.8735238885811657
2024-01-01 00:29:56,229.34538913948995,1.785398325171019,367.839232786754,0.8673158836341068
2024-01-01 00:29:57,229.7038551909045,1.8614773572330285,376.03233340444166,0.8273315137752926
2024-01-01 00:29:58,228.87305714914987,2.066636176289658,414.2922158267686,0.8283353663021386
2024-01-01 00:29:59,229.11397569351706,1.9934378813612077,407.56609510015926,0.8363837173406394
2024-01-01 00:30:00,229.92058743530603,1.9822317786212817,388.0202602673101,0.8523099405021122
2024-01-01 00:30:01,230.88490920993942,1.9549673517244037,401.20585798038195,0.8063757738874618
2024-01-01 00:30:02,229.39114647428667,2.023447188012713,397.2428915086581,0.8451795179847582
2024-01-01 00:30:03,229.180702143264,2.091249632681439,427.53110691578047,0.8501032540434897
2024-01-01 00:30:04,230.1847080765089,2.1749950607390853,438.7996323214815,0.8366461128626342
2024-01-01 00:30:05,226.15816814820963,1.8296781230223063,352.9919118166556,0.8512473658212824
2024-01-01 00:30:06,230.95407025445292,2.0244149511462686,416.89389753403697,0.843651806426028
2024-01-01 00:30:07,,,,
2024-01-01 00:30:08,230.07938705319512,2.1281673478704697,419.58796587297985,0.7973346941968806
2024-01-01 00:30:09,231.92146861518893,2.1934255044905515,452.6898597219988,0.8371722946744201
2024-01-01 00:30:10,226.09436893990352,2.194724899186252,433.31649978318285,0.8138919046035015
2024-01-01 00:30:11,226.05233226028207,2.152201141762366,434.9737992380958,0.8198401484755662
2024-01-01 00:30:12,230.54760769064703,2.144539194610897,435.9640193909255,0.8394476665319448
2024-01-01 00:30:13,229.98576628974297,2.187016119832833,443.2163964996037,0.8566750039778621
2024-01-01 00:30:14,230.34035388638387,2.3405732590909594,466.1368151999324,0.8260356404866243
2024-01-01 00:30:15,229.0757458496551,2.166408025546093,425.1478960528818,0.8363523770916862
2024-01-01 00:30:16,231.32870734847987,2.2470012396514196,466.8071813753434,0.7948618385438533
2024-01-01 00:30:17,231.86527768598225,2.2850390177011266,453.1242273124876,0.8271487249151492
2024-01-01 00:30:18,230.96796458790305,2.435899304808626,493.10395583534756,0.8195338191204294
2024-01-01 00:30:19,229.47834308319082,2.262716332952078,448.4342213617104,0.84381740274833
2024-01-01 00:30:20,225.7846212247712,2.4012215761302906,467.99537907085676,0.8069321938075433
2024-01-01 00:30:21,231.53847241607426,2.4408309664588086,497.17574169245506,0.8114250904782306
2024-01-01 00:30:22,232.44345733243517,2.323235936112984,480.56290293361803,0.8359589453613319
2024-01-01 00:30:23,231.28911682396796,2.320192189059731,476.9930153775132,0.8114754914163348
2024-01-01 00:30:24,228.240715145265,2.319674320653958,473.0266045162527,0.7896819111286429
2024-01-01 00:30:25,231.34758878733552,2.337964673555384,467.6714145214414,0.8614433959134983
2024-01-01 00:30:26,231.7210594159229,2.4595791361569117,497.71827124372,0.7874006447093335
2024-01-01 00:30:27,233.11763249559817,2.4074946954908603,477.3069859858471,0.8062504009254836
2024-01-01 00:30:28,228.24778015154408,2.417781486573477,489.68305922130537,0.813060554023714
2024-01-01 00:30:29,229.5470908309117,2.291199513535834,454.9981447683442,0.8100723653213668
2024-01-01 00:30:30,231.4945441022869,2.3160433823242914,470.7809732671862,0.7995295486371975
2024-01-01 00:30:31,230.1148201428763,2.6357998141271253,520.6904510095312,0.7982451509085592
2024-01-01 00:30:32,227.76534479589745,2.4119189591729118,489.45573995557345,0.7958695264591917
2024-01-01 00:30:33,230.8292325700534,2.36004624431615,485.3136877576496,0.7768895008503788
2024-01-01 00:30:34,231.15732326763035,2.5880230577175687,534.7508029483819,0.840865121211244
2024-01-01 00:30:35,230.175925792662,2.480044178387433,486.5306436719942,0.7921263549260659
2024-01-01 00:30:36,230.43916985435987,2.5161826167872974,521.6256978760285,0.8071434365644332
2024-01-01 00:30:37,229.48258819662854,2.4506134134860837,484.9843664564441,0.787203936403296
2024-01-01 00:30:38,232.95655787143212,2.43814302462356,491.57182463511975,0.7855077533888093
2024-01-01 00:30:39,228.19861563257464,2.4581796014908557,483.8034882652181,0.7822143628779764
2024-01-01 00:30:40,,,,
2024-01-01 00:30:41,230.02197102705506,2.4751885860238088,499.6784188177487,0.7855950207307717
2024-01-01 00:30:42,231.7579080554018,2.5172910820425987,502.88709680859836,0.779431909908532
2024-01-01 00:30:43,227.00525365981093,2.6759587745307307,528.2981464128993,0.8097825912140785
2024-01-01 00:30:44,227.37940650046912,2.502252078339192,502.2672190935055,0.7612138565964709
2024-01-01 00:30:45,225.92454298453058,2.2624865257151194,455.84534047580405,0.7724166906232183
2024-01-01 00:30:46,230.06539045050656,2.488267857426889,506.4231582011559,0.764818910843838
2024-01-01 00:30:47,,,,
2024-01-01 00:30:48,229.23089977996418,2.5863512262604784,508.3200795317105,0.7631058092928524
2024-01-01 00:30:49,231.3227563797834,2.4189097163177107,498.4493614070423,0.7906187136037641
2024-01-01 00:30:50,228.7169145584343,2.5588993380470915,498.5648087588138,0.7976721283609345
2024-01-01 00:30:51,230.46256404548672,2.4248836953664443,482.40028521961125,0.7742603391354371
2024-01-01 00:30:52,229.40132418449656,2.362507607609274,462.214206847009,0.7485784603506986
2024-01-01 00:30:53,231.34422863019287,2.461362897565015,503.01122625321267,0.7477817345404492
2024-01-01 00:30:54,230.95025613469602,2.5031737727911603,502.04025536293614,0.7912287319969211
2024-01-01 00:30:55,228.61613260765077,2.3041388465275503,464.92257620417774,0.7478089716768971
2024-01-01 00:30:56,229.6626964931991,2.3732863429215247,472.7545938001457,0.7798677980861956
2024-01-01 00:30:57,232.08748679544098,2.4856014246784643,503.49075665519877,0.7733399197315767
2024-01-01 00:30:58,230.7867537405082,2.4396374586332104,491.4730349552657,0.7776407573911299
2024-01-01 00:30:59,227.20607588449775,2.515348185892816,487.0795048071736,0.7785947083568839
2024-01-01 00:31:00,231.31123612234276,2.349342415321471,473.6047884014192,0.74957446628369
2024-01-01 00:31:01,227.8307787551275,2.536697715353128,509.77191045724487,0.7478423794615101
2024-01-01 00:31:02,232.82502613992202,2.3409278823056523,478.15325591022673,0.7807769591250086
2024-01-01 00:31:03,232.04819767968206,2.6171409427487844,518.4934152617386,0.7530376259566334
2024-01-01 00:31:04,230.5797709518368,2.2744080318768503,463.28512355421606,0.7097884892739266
2024-01-01 00:31:05,230.31446568687238,2.3294042083838717,464.3063364637319,0.7769545509895538
2024-01-01 00:31:06,229.58193548794517,2.472639153539459,482.93200283182017,0.7424634507129098
2024-01-01 00:31:07,231.35704790280005,2.589142162344821,513.8240578347538,0.7717620663049223
2024-01-01 00:31:08,229.2584436610759,2.4456223148574345,490.52620746234254,0.7895280888458757
2024-01-01 00:31:09,230.47113974127979,2.461393883877265,490.9924522992484,0.761281019625318
2024-01-01 00:31:10,231.7438687330389,2.397451669802286,491.54529328204904,0.7801572005213162
2024-01-01 00:31:11,,,,
2024-01-01 00:31:12,228.7676145200186,2.326700911755333,472.9997030200762,0.7906493715429571
2024-01-01 00:31:13,227.6112690385511,2.243970394522112,441.45596006831636,0.7370217617163398
2024-01-01 00:31:14,227.87105450774766,2.2263762588902836,446.976736945047,0.757485380354568
2024-01-01 00:31:15,226.343209377117,2.383158087642279,480.0552338278031,0.770521496997436
2024-01-01 00:31:16,231.45965757803106,2.219062515829391,446.4814659986503,0.7526815696212548
2024-01-01 00:31:17,233.61782908416555,2.3514054734256247,468.21627419928154,0.7789888198898921
2024-01-01 00:31:18,232.8506578869406,2.1770219821228665,444.45427962558784,0.7467815143878039
2024-01-01 00:31:19,226.74783102274696,2.324293267059494,474.2046335093517,0.7963109524154428
2024-01-01 00:31:20,231.4497093431124,2.2329463359948325,464.33202931177374,0.7968921858454394
2024-01-01 00:31:21,232.8442126998471,2.4093573788174196,483.05391061932437,0.759637981622901
2024-01-01 00:31:22,229.08638003852266,2.287683511884301,465.2677273068683,0.7646205823653192
2024-01-01 00:31:23,,,,
2024-01-01 00:31:24,225.98421389839066,2.1522353737641553,417.31313228319766,0.7290401951970797
2024-01-01 00:31:25,230.5334723359533,2.2193141834109826,451.91724472326376,0.726187903979691
2024-01-01 00:31:26,227.87288054113057,2.101279830566928,418.9924002947041,0.7772241421898645
2024-01-01 00:31:27,230.39927003582304,2.1435197497694114,433.10094317176475,0.7572675735909558
2024-01-01 00:31:28,226.87759415562223,2.1439789423486633,433.5807160932541,0.7469739960745103
2024-01-01 00:31:29,231.0857164489552,2.0827445087094474,417.1974284026886,0.7514671906217215
2024-01-01 00:31:30,232.04902535085338,2.018767565370705,413.81021766375545,0.7032889094574873
2024-01-01 00:31:31,228.43364027656966,1.9838150240194168,393.4919253938705,0.7469879557641945
2024-01-01 00:31:32,227.72615483717914,1.8759172018593593,364.02867212482755,0.7355522312247337
2024-01-01 00:31:33,225.68795391490005,1.9888740654527324,390.0190666783953,0.7688131093904066
2024-01-01 00:31:34,229.46717293184963,2.1417814378238647,441.09385396789696,0.7702153896344752
2024-01-01 00:31:35,228.8368121314368,1.9036274581718795,380.8029742269006,0.7617360965497509
2024-01-01 00:31:36,,,,
2024-01-01 00:31:37,230.90603751262435,2.21128500149727,451.5693854211781,0.7201049586875156
2024-01-01 00:31:38,229.1000592362707,1.952849011787834,401.83884188909417,0.7618264764513077
2024-01-01 00:31:39,,,,
2024-01-01 00:31:40,228.89085518871912,2.0493039030917317,412.121279993287,0.7749149981583155
2024-01-01 00:31:41,232.14260907785922,2.035625945815571,410.56286754909684,0.7924111509836547
2024-01-01 00:31:42,231.20587388751045,1.8014733092403012,366.1274670739932,0.7162562375139369
2024-01-01 00:31:43,229.73994787700303,1.9149758973331101,391.9027926499244,0.7424230823800498
2024-01-01 00:31:44,231.2382100369297,1.7606974382631797,363.60167657213316,0.735457104678097
2024-01-01 00:31:45,227.67817608722652,2.1516667907550184,436.4615069658674,0.7538870232163835
2024-01-01 00:31:46,230.06474020145407,1.7321541551443147,347.8069961616931,0.7508639489343166
2024-01-01 00:31:47,230.29464466097295,1.771571379926864,349.21049556064605,0.7460978536453556
2024-01-01 00:31:48,229.06032698300254,1.7571311809920946,353.56998982732546,0.7715396713459425
2024-01-01 00:31:49,230.87091667191484,1.6964982080067463,335.98472230333834,0.7291918431849916
2024-01-01 00:31:50,228.4391330907111,1.9665486050830456,383.2203956585094,0.7306546381971755
2024-01-01 00:31:51,231.01964141555223,2.058825626429489,416.1438323473046,0.7312738356456425
2024-01-01 00:31:52,231.10371754306257,1.7544787403072182,357.93317624020506,0.7448573267583316
2024-01-01 00:31:53,224.16568023860586,1.6556796980979298,331.32527288637334,0.7278218000823011
2024-01-01 00:31:54,232.38061140702024,1.54990752583112,320.24082344086565,0.7517760075363334
2024-01-01 00:31:55,223.9047348692945,1.735290919743219,346.91248046399767,0.7498154859592332
2024-01-01 00:31:56,,,,
2024-01-01 00:31:57,232.05069606851552,1.6675012537656548,342.50884496253843,0.7714279996948944
2024-01-01 00:31:58,229.3654265494951,1.7416224931822657,339.75026984780095,0.7532119919213206
2024-01-01 00:31:59,227.06762803506092,1.7461334949383966,349.42900980751307,0.7761278886209909
2024-01-01 00:32:00,227.81252587656667,1.7263455434597266,336.659841077571,0.7514703773422193
2024-01-01 00:32:01,,,,
2024-01-01 00:32:02,226.15699093890274,1.5596359879141515,302.57269959592435,0.7451785786301959
2024-01-01 00:32:03,232.25798220192402,1.7247453417985672,356.98795242063125,0.7568594527393397
2024-01-01 00:32:04,,,,
2024-01-01 00:32:05,227.61520933911513,1.7247497393021933,352.3158010759436,0.749974774733944
2024-01-01 00:32:06,228.83376985539462,1.7043316135258397,350.5977933599844,0.7692043209890721
2024-01-01 00:32:07,227.96555131779672,1.4729280533597602,300.407531786447,0.7432382807189597
2024-01-01 00:32:08,231.73245040171705,1.4618424669300643,290.19436352434184,0.7753537229930053
2024-01-01 00:32:09,231.46485561952568,1.5202609891257783,314.5585147532576,0.7492762725980036
2024-01-01 00:32:10,226.56167773224792,1.481138174379958,299.30481479278615,0.7786316764878294
2024-01-01 00:32:11,229.19281576296135,1.6536477684372162,338.66081954304116,0.7635631334299142
2024-01-01 00:32:12,,,,
2024-01-01 00:32:13,232.58701993691875,1.672015143112618,332.8266194810564,0.7408180543385995
2024-01-01 00:32:14,227.29980176374715,1.5943775341414888,324.78093813378354,0.7351857718658245
2024-01-01 00:32:15,233.20845820937004,1.5686657878409378,314.13172686963986,0.7532159261426747
2024-01-01 00:32:16,229.93341052096613,1.6612924974918268,331.72908135262344,0.7386998758603261
2024-01-01 00:32:17,227.67613118723983,1.5822640584565382,314.4204802634326,0.7396098703348811
2024-01-01 00:32:18,228.64545163198144,1.5365322961279655,300.8089170935927,0.7805884909935021
2024-01-01 00:32:19,228.3967623184631,1.672662950307394,325.120328635817,0.7689870211032812
2024-01-01 00:32:20,227.450763195969,1.5315007968070533,313.4039959711491,0.7604100867265975
2024-01-01 00:32:21,230.18965371946075,1.4853879027265697,305.62016081189563,0.7632173212444873
2024-01-01 00:32:22,227.5441688986163,1.42835719547847,291.0883442922679,0.7599842091338137
2024-01-01 00:32:23,225.63926758252362,1.5792415665720203,307.95811855707956,0.8059280171437069
2024-01-01 00:32:24,229.24064705830367,1.6299286770047383,321.7110214514808,0.7592212282137621
2024-01-01 00:32:25,226.39428760716424,1.4989372701233301,295.674118736873,0.7485181605697875
2024-01-01 00:32:26,228.49567826386496,1.6330499459685088,325.63081629768664,0.7919298803645721
2024-01-01 00:32:27,228.1817942227933,1.304010956138606,253.00213179756742,0.7727600595054755
2024-01-01 00:32:28,228.25756785594837,1.4947141308288132,303.2961118492141,0.8189349608227374
2024-01-01 00:32:29,234.00192620318032,1.4959906631564455,314.99988947041675,0.768737432654553
2024-01-01 00:32:30,230.11282313433915,1.4275353364345185,287.90365229365545,0.7973007585312047
2024-01-01 00:32:31,230.49074201799067,1.7393491982602576,348.55102524120645,0.8031617456716836
2024-01-01 00:32:32,226.4472034073154,1.4955651339745335,294.51715706577943,0.7722447204069384
2024-01-01 00:32:33,228.69207373272616,1.4631243983743492,286.0216040879481,0.7689832886239681
2024-01-01 00:32:34,230.43060525988304,1.508696848386387,300.1289955868133,0.7998556414370162
2024-01-01 00:32:35,227.95094217417397,1.3085103314854343,261.0234505439137,0.7977288028475323
2024-01-01 00:32:36,231.81612568703596,1.4359812294681986,290.1388203736894,0.7592371659467461
2024-01-01 00:32:37,227.59460682819795,1.6139504462037935,322.2377376787191,0.766114507583769
2024-01-01 00:32:38,229.42726772826964,1.4568688375755745,298.29843724878845,0.7392036166977282
2024-01-01 00:32:39,,,,
2024-01-01 00:32:40,230.32864131876383,1.6604084584260241,325.6026745715002,0.7872378607389028
2024-01-01 00:32:41,228.71901985628915,1.6690273578454289,325.2071620174018,0.7905239596257104
2024-01-01 00:32:42,229.45821274585813,1.5927063441128642,313.0922820450413,0.7612445380787656
2024-01-01 00:32:43,229.52773981644404,1.5019543662955053,302.8625830100384,0.7744313908325292
2024-01-01 00:32:44,228.5312244852174,1.530424839209578,311.4205094228319,0.788167517357816
2024-01-01 00:32:45,230.97018773699423,1.4813030167487087,305.98675939773085,0.7856263518838084
2024-01-01 00:32:46,230.47677674967485,1.4700197324155548,298.74358766231484,0.8027883317581922
2024-01-01 00:32:47,229.82277210949366,1.4732597064800856,294.6253213860309,0.8134719616391992
2024-01-01 00:32:48,229.1390833330761,1.5245174004387114,299.6263459744105,0.8485777432391354
2024-01-01 00:32:49,231.59308806104,1.491880885789196,300.6175946559792,0.8041796063382763
2024-01-01 00:32:50,229.52833151237164,1.4484123540986649,288.1095186677508,0.8282936732196535
2024-01-01 00:32:51,229.38660542434812,1.6365434359120201,335.421407407133,0.7908027081944292
2024-01-01 00:32:52,,,,
2024-01-01 00:32:53,233.3931733659417,1.805455135704991,362.9394996026726,0.8032204285834555
2024-01-01 00:32:54,227.3192875839576,1.579473890316708,310.37277479039625,0.7797590737376392
2024-01-01 00:32:55,231.5397137861107,1.6871990542608128,334.72117616405836,0.8134634740884703
2024-01-01 00:32:56,226.2136576775238,1.7004797778382226,344.63868142576996,0.7990265272475107
2024-01-01 00:32:57,230.43454631645724,1.655771066333713,325.275291266716,0.7770245153613196
2024-01-01 00:32:58,233.15016565521745,1.7678494604242825,350.6129801047361,0.852313149604743
2024-01-01 00:32:59,230.9773370489346,1.7835031633943201,353.92559328666016,0.8083321200479342
2024-01-01 00:33:00,230.3412501570796,1.7515759497458339,359.29893433727534,0.7878293117271559
2024-01-01 00:33:01,228.87910106239386,1.7064032189667984,342.1982899063813,0.8400507428618834
2024-01-01 00:33:02,230.06209440097712,1.7096113085783702,346.62697717225774,0.8090275229980343
2024-01-01 00:33:03,229.49587436919327,1.62223760565311,323.1114306582611,0.8469221544901084
2024-01-01 00:33:04,228.42804678413728,1.6923079568327033,329.91245547399575,0.8119761158891964
2024-01-01 00:33:05,229.42024876905026,1.7248100662799526,353.2897625796433,0.8173569860537925
2024-01-01 00:33:06,230.39676232125288,1.6889351313453447,334.48995284466866,0.8366079017208323
2024-01-01 00:33:07,228.46556586293872,1.8598424503942073,361.87582334394415,0.8431169937683615
2024-01-01 00:33:08,228.38743635863062,1.9502125023807568,391.34766532246175,0.8481682497920024
2024-01-01 00:33:09,227.27951312481565,1.754610528317293,340.62970563693426,0.8325539696030243
2024-01-01 00:33:10,230.7814500521778,1.8887806788331514,372.5983205329294,0.8464752097069296
2024-01-01 00:33:11,231.0906465239341,1.7721830551285045,364.49380626993394,0.8523730120479127
2024-01-01 00:33:12,230.46332088847302,1.8603824822013275,374.976314951982,0.8430324843594136
2024-01-01 00:33:13,231.93034098545732,1.8372300728536168,367.33843872690437,0.8377313125911813
2024-01-01 00:33:14,230.17573527416147,1.9819335267486962,395.71610258214383,0.8132442746250126
2024-01-01 00:33:15,230.7840218747315,1.8694233821630017,382.44902257875555,0.8557012942238513
2024-01-01 00:33:16,230.60767485127514,2.0540884156529997,404.2068303941097,0.8461304741569698
2024-01-01 00:33:17,229.8169199611636,1.944016978075037,382.3547856728959,0.8385850362389238
2024-01-01 00:33:18,228.9383563437407,1.9193263954702062,387.03582158447796,0.8739838098465816
2024-01-01 00:33:19,234.42830523158383,1.8746694737654823,386.8917124467975,0.8214433273417335